{"stats":{"minecraft:broken":{"rpgsmw:steel_paladin_armour_boots":1,"rpgsmw:steel_paladin_armour_helmet":1,"rpgsmw:steel_paladin_armour_leggings":1,"minecraft:stone_pickaxe":1,"rpgsmw:steel_paladin_armour_chestplate":1,"minecraft:iron_axe":1,"minecraft:iron_pickaxe":1},"minecraft:picked_up":{"minecraft:iron_chestplate":1,"minecraft:wheat":1,"minecraft:smithing_table":1,"minecraft:stone_slab":1,"minecraft:enchanted_book":1,"minecraft:golden_sword":1,"minecraft:string":8,"minecraft:raw_copper":73,"minecraft:iron_leggings":1,"minecraft:sticky_piston":4,"minecraft:experience_bottle":2,"minecraft:cobbled_deepslate":251,"minecraft:spruce_planks":93,"rpgsmw:rawmiphrilignot":9,"simplefarming:blackberry_bush":4,"minecraft:furnace":4,"minecraft:stick":20,"minecraft:torch":41,"minecraft:spruce_stairs":1,"simplefarming:raspberries":5,"minecraft:pointed_dripstone":4,"tombstone:grave_dust":12,"minecraft:diorite":40,"majruszsaccessories:dream_catcher":2,"minecraft:stone_sword":2,"minecraft:rotten_flesh":34,"minecraft:iron_block":4,"endrem:rogue_eye":1,"minecraft:cobblestone":619,"vampirism:vampire_book":1,"minecraft:feather":2,"minecraft:andesite":37,"minecraft:brown_wool":1,"evilcraft:flesh_humanoid":1,"alexsmobs:rocky_shell":1,"minecraft:lapis_lazuli":43,"minecraft:dirt":40,"minecraft:lantern":5,"minecraft:bone":14,"minecraft:wheat_seeds":4,"minecraft:raw_gold":30,"simplefarming:blueberry_bush":3,"minecraft:oak_planks":5,"minecraft:sand":151,"minecraft:dark_oak_log":4,"alexsmobs:animal_dictionary":1,"travelersbackpack:white_sleeping_bag":1,"majruszsaccessories:owl_feather":1,"minecraft:diamond":6,"waystones:waystone":1,"minecraft:writable_book":1,"minecraft:granite":4,"minecraft:emerald":42,"minecraft:bread":86,"minecraft:oak_sapling":3,"minecraft:crafting_table":2,"minecraft:red_bed":4,"simplefarming:sorghum_seeds":1,"minecraft:iron_axe":1,"minecraft:netherite_scrap":2,"minecraft:white_carpet":3,"minecraft:birch_fence":4,"minecraft:mossy_cobblestone_wall":1,"minecraft:beef":24,"minecraft:oak_boat":1,"minecraft:poppy":18,"minecraft:spruce_slab":2,"minecraft:lectern":2,"minecraft:chest":5,"rpgsmw:biril":2,"minecraft:spruce_trapdoor":6,"minecraft:egg":1,"minecraft:raw_iron":165,"minecraft:spruce_fence":8,"minecraft:stone_pressure_plate":1,"minecraft:purple_terracotta":4,"minecraft:dark_oak_planks":91,"minecraft:tnt":4,"minecraft:arrow":9,"minecraft:pumpkin_pie":1,"minecraft:totem_of_undying":1,"minecraft:gold_ingot":35,"minecraft:mutton":4,"minecraft:rail":2,"minecraft:white_wool":9,"vampirism:vampire_blood_bottle":1,"minecraft:dark_oak_button":1,"minecraft:leather":18,"minecraft:birch_planks":6,"minecraft:oak_log":12,"minecraft:gunpowder":12,"minecraft:golden_boots":1,"minecraft:cobblestone_wall":1,"tombstone:voodoo_poppet":1,"minecraft:birch_pressure_plate":3,"minecraft:red_carpet":3,"minecraft:apple":16,"minecraft:spruce_wood":3,"minecraft:iron_ingot":8,"tombstone:bag_of_seeds":2,"minecraft:dark_oak_stairs":2,"minecraft:book":192,"minecraft:dandelion":18,"simplefarming:blueberries":4,"minecraft:dripstone_block":2,"minecraft:spruce_sapling":11,"minecraft:blast_furnace":5,"minecraft:white_bed":4,"minecraft:spruce_log":134,"simplefarming:raspberry_bush":5,"simplefarming:blackberries":4,"travelersbackpack:standard":4,"minecraft:slime_ball":3,"evilcraft:dark_gem":14,"tombstone:magic_scroll":1,"minecraft:coal":116},"minecraft:custom":{"minecraft:interact_with_crafting_table":80,"minecraft:open_barrel":33,"goblintraders:trade_with_goblin":45,"minecraft:eat_cake_slice":2,"minecraft:leave_game":3,"minecraft:time_since_death":38479,"minecraft:damage_resisted":174,"minecraft:sprint_one_cm":674402,"minecraft:drop":148,"minecraft:play_time":339761,"minecraft:deaths":37,"minecraft:jump":4764,"minecraft:walk_on_water_one_cm":45703,"minecraft:interact_with_furnace":92,"minecraft:interact_with_loom":3,"minecraft:sleep_in_bed":9,"minecraft:damage_dealt":48574,"minecraft:player_kills":1,"minecraft:crouch_one_cm":81987,"tombstone:undead_killed":68,"minecraft:interact_with_smoker":1,"minecraft:interact_with_smithing_table":2,"minecraft:mob_kills":162,"minecraft:damage_dealt_resisted":867,"minecraft:climb_one_cm":10648,"minecraft:walk_one_cm":1102453,"minecraft:sneak_time":32855,"minecraft:walk_under_water_one_cm":83821,"minecraft:boat_one_cm":178174,"minecraft:interact_with_blast_furnace":77,"minecraft:total_world_time":339761,"tombstone:raider_killed":36,"minecraft:time_since_rest":48,"minecraft:damage_taken":18605,"minecraft:swim_one_cm":58389,"minecraft:fly_one_cm":569338,"minecraft:open_chest":174,"minecraft:fall_one_cm":149369},"minecraft:killed_by":{"minecraft:evoker":1,"minecraft:ravager":1,"minecraft:drowned":1,"minecraft:vindicator":3,"minecraft:zombie":4,"minecraft:vex":9,"minecraft:illusioner":11,"minecraft:player":1,"minecraft:stray":2,"minecraft:skeleton":2,"mca:male_zombie_villager":2},"minecraft:dropped":{"minecraft:birch_planks":3,"minecraft:lantern":5,"travelersbackpack:standard":1,"minecraft:leather_helmet":1,"minecraft:red_carpet":3,"minecraft:dirt":17,"minecraft:birch_fence":4,"minecraft:dark_oak_log":2,"minecraft:netherite_scrap":2,"rpgsmw:steel_gauntlet":1,"minecraft:writable_book":1,"minecraft:sand":61,"minecraft:dark_oak_planks":24,"rpgsmw:steel_berserk_armor_chestplate":1,"minecraft:gold_ingot":29,"minecraft:bone":4,"minecraft:stone_axe":1,"minecraft:cobbled_deepslate":180,"minecraft:wheat":2,"minecraft:rotten_flesh":20,"minecraft:oak_planks":1,"evilcraft:flesh_humanoid":4,"minecraft:leather_chestplate":1,"rpgsmw:iron_greatsword":1,"minecraft:arrow":2,"minecraft:glass":2,"minecraft:iron_ingot":13,"rpgsmw:iron_spear":1,"minecraft:wheat_seeds":8,"minecraft:dripstone_block":5,"minecraft:feather":1,"minecraft:cobblestone":730,"minecraft:apple":10,"minecraft:granite":4,"minecraft:coal":3,"minecraft:stick":6,"evilcraft:blood_extractor":1,"minecraft:diorite":40,"minecraft:torch":11,"travelersbackpack:blank_upgrade":2,"rpgsmw:steel_battle_hammer":1,"tombstone:grave_dust":5,"minecraft:iron_leggings":2,"evilcraft:dark_spike":15,"rpgsmw:steel_berserk_armor_boots":1,"minecraft:string":2,"rpgsmw:blue_fabric":2,"minecraft:stone_sword":1,"minecraft:raw_copper":5,"minecraft:tuff":30,"rpgsmw:steel_berserk_armor_helmet":1,"minecraft:white_carpet":3,"minecraft:birch_pressure_plate":3,"minecraft:slime_block":4,"minecraft:stone_slab":1,"easy_hammers:iron_hammer":1,"minecraft:spruce_fence":5,"minecraft:spruce_trapdoor":4,"minecraft:spruce_planks":103,"minecraft:iron_chestplate":2,"minecraft:andesite":100,"minecraft:oak_sapling":2,"minecraft:slime_ball":3,"rpgsmw:steel_berserk_armor_leggings":1,"minecraft:wooden_pickaxe":1,"simplefarming:sorghum_seeds":1},"minecraft:used":{"minecraft:iron_shovel":69,"minecraft:chest":10,"minecraft:player_head":1,"minecraft:mutton":4,"simplefarming:blueberries":4,"simplefarming:raspberries":5,"minecraft:spruce_wood":3,"minecraft:dark_oak_button":1,"minecraft:furnace":4,"minecraft:egg":1,"rpgsmw:steel_spear":443,"minecraft:emerald_ore":8,"minecraft:stone_pickaxe":132,"minecraft:oak_planks":11,"minecraft:wooden_pickaxe":18,"minecraft:white_wool":2,"minecraft:glow_berries":7,"minecraft:blast_furnace":7,"rpgsmw:steel_greatsword":103,"minecraft:bread":133,"minecraft:brown_wool":1,"minecraft:oak_boat":2,"minecraft:experience_bottle":3,"minecraft:spruce_planks":402,"minecraft:torch":111,"minecraft:dirt":10,"minecraft:dark_oak_planks":51,"minecraft:iron_axe":277,"easy_hammers:iron_hammer":223,"minecraft:totem_of_undying":1,"rpgsmw:iron_spear":116,"minecraft:beef":1,"tombstone:gift":11,"minecraft:stone_pressure_plate":1,"minecraft:cooked_beef":6,"minecraft:cobbled_deepslate":59,"minecraft:iron_leggings":1,"minecraft:pointed_dripstone":4,"minecraft:birch_planks":3,"minecraft:rail":1,"minecraft:crafting_table":7,"minecraft:red_bed":4,"simplefarming:blackberries":4,"minecraft:white_bed":4,"tombstone:bag_of_seeds":2,"minecraft:apple":3,"travelersbackpack:white_sleeping_bag":1,"minecraft:iron_pickaxe":484,"tombstone:magic_scroll":1,"minecraft:spruce_trapdoor":2,"minecraft:stone_axe":9,"minecraft:cobblestone":96,"travelersbackpack:standard":8,"minecraft:pumpkin_pie":21,"alexsmobs:animal_dictionary":1},"minecraft:killed":{"vampirism:vampire":5,"vampirism:advanced_vampire":2,"minecraft:spider":3,"minecraft:skeleton":21,"vampirism:blinding_bat":3,"minecraft:bee":1,"minecraft:silverfish":4,"minecraft:illusioner":1,"minecraft:creeper":3,"minecraft:sheep":5,"minecraft:pillager":18,"minecraft:zombie":35,"minecraft:stray":4,"minecraft:cow":10,"mca:female_zombie_villager":2,"minecraft:evoker":1,"minecraft:vex":7,"mca:male_zombie_villager":2,"alexsmobs:raccoon":1,"minecraft:vindicator":16,"minecraft:drowned":3,"alexsmobs:rocky_roller":1,"minecraft:husk":1,"majruszsdifficulty:cursed_armor":1,"evilcraft:poisonous_libelle":1},"minecraft:crafted":{"easy_hammers:iron_hammer":1,"rpgsmw:blue_fabric":14,"rpgsmw:steel_battle_hammer":1,"minecraft:smooth_stone":6,"rpgsmw:steel_paladin_armour_chestplate":1,"minecraft:oak_planks":48,"minecraft:stone":6,"rpgsmw:steelnugget":9,"rpgsmw:steel_sword":1,"minecraft:glass":77,"evilcraft:blood_extractor":13,"rpgsmw:steel_paladin_armour_leggings":1,"minecraft:chest":8,"rpgsmw:steel_greatsword":1,"rpgsmw:woodenfiber":11,"rpgsmw:steelrainforcedstick":3,"rpgsmw:steel_spear":1,"travelersbackpack:iron_tier_upgrade":1,"minecraft:crafting_table":6,"minecraft:spruce_planks":548,"minecraft:iron_helmet":1,"minecraft:wooden_pickaxe":1,"travelersbackpack:standard":4,"minecraft:copper_ingot":64,"rpgsmw:steel_gauntlet":1,"minecraft:iron_chestplate":3,"minecraft:shield":1,"minecraft:stick":132,"minecraft:iron_ingot":300,"minecraft:iron_pickaxe":2,"minecraft:iron_block":7,"minecraft:gold_ingot":45,"evilcraft:dark_spike":48,"rpgsmw:steel_paladin_armour_boots":1,"minecraft:furnace":2,"minecraft:blast_furnace":2,"travelersbackpack:blank_upgrade":4,"travelersbackpack:gold_tier_upgrade":1,"rpgsmw:iron_greatsword":1,"travelersbackpack:white_sleeping_bag":2,"rpgsmw:steel_paladin_armour_helmet":1,"rpgsmw:steel_berserk_armor_leggings":1,"minecraft:iron_axe":1,"minecraft:stone_pickaxe":1,"rpgsmw:steel_berserk_armor_boots":1,"minecraft:cooked_beef":6,"rpgsmw:steelblock":1,"travelersbackpack:backpack_tank":7,"rpgsmw:steel":67,"rpgsmw:steel_berserk_armor_helmet":1,"rpgsmw:iron_spear":1,"minecraft:stone_axe":1,"rpgsmw:rainforcedstick":2,"minecraft:air":0,"minecraft:blue_dye":20,"minecraft:oak_boat":1,"minecraft:blue_wool":7,"minecraft:iron_shovel":1,"rpgsmw:steel_berserk_armor_chestplate":1,"minecraft:iron_leggings":2,"minecraft:torch":56},"minecraft:mined":{"minecraft:dark_oak_planks":87,"simplefarming:raspberry_bush":5,"minecraft:spruce_planks":37,"minecraft:white_bed":4,"minecraft:sculk_vein":1,"minecraft:spruce_trapdoor":4,"minecraft:granite":5,"minecraft:grass_block":43,"simplefarming:blackberry_bush":4,"minecraft:spawner":5,"minecraft:sticky_piston":3,"minecraft:iron_ore":68,"minecraft:cobbled_deepslate":1,"minecraft:deepslate_lapis_ore":4,"minecraft:dark_oak_stairs":3,"minecraft:pointed_dripstone":2,"minecraft:dirt_path":1,"minecraft:spruce_wood":5,"minecraft:iron_block":4,"minecraft:spruce_slab":2,"minecraft:potted_brown_mushroom":1,"minecraft:red_bed":4,"minecraft:blast_furnace":5,"minecraft:poppy":18,"minecraft:chest":5,"minecraft:cobblestone":19,"minecraft:oak_planks":5,"minecraft:wall_torch":1,"minecraft:deepslate_copper_ore":1,"minecraft:tnt":20,"minecraft:grass":7,"minecraft:oak_log":6,"minecraft:sand":151,"minecraft:dirt":18,"minecraft:oak_leaves":6,"minecraft:deepslate":81,"minecraft:diamond_ore":2,"minecraft:red_carpet":5,"minecraft:dark_oak_leaves":26,"minecraft:deepslate_diamond_ore":2,"minecraft:dark_oak_log":5,"minecraft:purple_terracotta":3,"minecraft:spruce_fence":7,"travelersbackpack:white_sleeping_bag":1,"minecraft:spruce_leaves":2,"minecraft:spruce_sapling":2,"minecraft:furnace":4,"minecraft:andesite":37,"evilcraft:dark_ore":3,"minecraft:bookshelf":59,"minecraft:deepslate_iron_ore":68,"minecraft:rail":1,"minecraft:lantern":1,"minecraft:stone":277,"minecraft:white_wool":7,"simplefarming:blueberry_bush":4,"minecraft:birch_pressure_plate":4,"minecraft:smithing_table":1,"minecraft:glass_pane":13,"minecraft:brown_carpet":1,"minecraft:dandelion":19,"travelersbackpack:standard":4,"minecraft:crafting_table":2,"minecraft:emerald_ore":22,"minecraft:lectern":2,"minecraft:tall_grass":1,"minecraft:copper_ore":22,"minecraft:lapis_ore":2,"minecraft:deepslate_gold_ore":28,"minecraft:diorite":18,"minecraft:spruce_stairs":1,"minecraft:birch_planks":6,"minecraft:cobblestone_wall":1,"rpgsmw:mineral_ore":2,"minecraft:birch_leaves":1,"minecraft:white_carpet":5,"minecraft:spruce_log":16,"minecraft:coal_ore":93,"minecraft:dark_oak_button":1,"minecraft:gravel":1,"minecraft:dripstone_block":3,"minecraft:mossy_stone_bricks":1,"minecraft:gold_ore":2,"minecraft:birch_fence":6}},"DataVersion":3337}