{"stats":{"minecraft:killed":{"minecraft:creeper":3,"minecraft:silverfish":4,"minecraft:cow":2},"minecraft:custom":{"minecraft:interact_with_furnace":14,"minecraft:mob_kills":10,"minecraft:interact_with_crafting_table":15,"minecraft:open_barrel":2,"minecraft:damage_dealt_resisted":208,"minecraft:leave_game":1,"minecraft:time_since_death":48535,"minecraft:sleep_in_bed":1,"minecraft:climb_one_cm":1184,"minecraft:time_since_rest":36738,"minecraft:sprint_one_cm":89191,"minecraft:damage_taken":220,"minecraft:walk_one_cm":179728,"minecraft:drop":26,"minecraft:damage_dealt":1926,"minecraft:fly_one_cm":110186,"minecraft:open_chest":20,"minecraft:crouch_one_cm":11714,"minecraft:play_time":48535,"minecraft:sneak_time":5417,"minecraft:jump":727,"minecraft:walk_on_water_one_cm":624,"minecraft:total_world_time":48535,"minecraft:interact_with_smoker":1,"minecraft:fall_one_cm":20792},"minecraft:mined":{"simplefarming:raspberry_bush":5,"minecraft:white_bed":1,"minecraft:dandelion":8,"minecraft:crafting_table":2,"minecraft:granite":5,"minecraft:grass_block":2,"minecraft:poppy":18,"minecraft:copper_ore":22,"minecraft:cobblestone":12,"minecraft:spruce_leaves":2,"minecraft:deepslate_gold_ore":14,"minecraft:diorite":18,"minecraft:wall_torch":1,"minecraft:spruce_sapling":2,"rpgsmw:mineral_ore":1,"minecraft:iron_ore":29,"minecraft:spruce_log":5,"minecraft:andesite":32,"evilcraft:dark_ore":1,"minecraft:deepslate_lapis_ore":3,"minecraft:pointed_dripstone":1,"minecraft:coal_ore":17,"minecraft:deepslate_iron_ore":28,"minecraft:gravel":1,"minecraft:dripstone_block":1,"minecraft:dirt":2,"minecraft:stone":211,"minecraft:white_wool":7,"minecraft:deepslate":47,"minecraft:oak_leaves":2,"simplefarming:blueberry_bush":4},"minecraft:used":{"minecraft:stone_pickaxe":132,"minecraft:chest":2,"minecraft:spruce_planks":11,"minecraft:wooden_pickaxe":18,"minecraft:torch":35,"minecraft:dirt":4,"minecraft:crafting_table":4,"minecraft:white_bed":1,"simplefarming:blueberries":4,"simplefarming:raspberries":5,"minecraft:apple":3,"minecraft:bread":5,"easy_hammers:iron_hammer":219,"minecraft:iron_pickaxe":83,"minecraft:stone_axe":9,"rpgsmw:iron_spear":33,"minecraft:cobblestone":93,"minecraft:furnace":1,"minecraft:cobbled_deepslate":10,"minecraft:experience_bottle":2},"minecraft:crafted":{"easy_hammers:iron_hammer":1,"minecraft:crafting_table":3,"minecraft:spruce_planks":116,"minecraft:wooden_pickaxe":1,"rpgsmw:iron_spear":1,"minecraft:furnace":1,"minecraft:stone_axe":1,"minecraft:air":0,"minecraft:iron_axe":1,"minecraft:stick":16,"minecraft:iron_ingot":8,"minecraft:iron_pickaxe":1,"minecraft:stone_pickaxe":1,"minecraft:chest":2,"minecraft:torch":32},"minecraft:broken":{"minecraft:stone_pickaxe":1},"minecraft:dropped":{"minecraft:stone_axe":1,"minecraft:cobbled_deepslate":140,"minecraft:raw_copper":5,"minecraft:dripstone_block":5,"minecraft:cobblestone":704,"minecraft:rotten_flesh":6,"minecraft:granite":4,"minecraft:stick":6,"minecraft:diorite":40,"minecraft:spruce_planks":32,"minecraft:andesite":64,"minecraft:wooden_pickaxe":1},"minecraft:picked_up":{"minecraft:crafting_table":2,"minecraft:leather":7,"minecraft:gunpowder":3,"minecraft:lapis_lazuli":23,"minecraft:dirt":4,"minecraft:raw_copper":69,"minecraft:experience_bottle":2,"minecraft:cobbled_deepslate":215,"minecraft:raw_gold":14,"minecraft:spruce_planks":32,"minecraft:beef":4,"simplefarming:blueberry_bush":3,"minecraft:poppy":18,"rpgsmw:biril":1,"minecraft:stick":17,"minecraft:raw_iron":86,"minecraft:torch":3,"minecraft:dandelion":8,"simplefarming:blueberries":4,"simplefarming:raspberries":5,"minecraft:spruce_sapling":11,"minecraft:diorite":40,"minecraft:white_bed":1,"minecraft:spruce_log":29,"simplefarming:raspberry_bush":5,"alexsmobs:animal_dictionary":1,"evilcraft:dark_gem":5,"minecraft:granite":4,"minecraft:bread":64,"minecraft:coal":31,"minecraft:white_wool":7,"minecraft:cobblestone":562}},"DataVersion":3337}