{"stats":{"minecraft:mined":{"simplefarming:raspberry_bush":5,"minecraft:white_bed":1,"minecraft:spruce_sapling":2,"minecraft:iron_ore":1,"minecraft:spruce_log":5,"minecraft:dandelion":8,"evilcraft:dark_ore":1,"minecraft:crafting_table":1,"minecraft:grass_block":1,"minecraft:poppy":18,"minecraft:copper_ore":20,"minecraft:spruce_leaves":2,"minecraft:stone":25,"simplefarming:blueberry_bush":4},"minecraft:custom":{"minecraft:time_since_rest":738,"minecraft:sprint_one_cm":35570,"minecraft:damage_taken":80,"minecraft:walk_one_cm":41248,"minecraft:drop":1,"minecraft:damage_dealt":10,"minecraft:interact_with_crafting_table":4,"minecraft:fly_one_cm":61158,"minecraft:open_barrel":2,"minecraft:open_chest":4,"minecraft:crouch_one_cm":2336,"minecraft:play_time":12535,"minecraft:sneak_time":1300,"minecraft:jump":244,"minecraft:walk_on_water_one_cm":43,"minecraft:time_since_death":12535,"minecraft:leave_game":1,"minecraft:sleep_in_bed":1,"minecraft:climb_one_cm":750,"minecraft:interact_with_smoker":1,"minecraft:total_world_time":12535,"minecraft:fall_one_cm":8537},"minecraft:used":{"minecraft:stone_pickaxe":30,"minecraft:spruce_planks":11,"minecraft:wooden_pickaxe":18,"minecraft:stone_axe":8,"minecraft:dirt":1,"simplefarming:blueberries":4,"simplefarming:raspberries":5},"minecraft:crafted":{"minecraft:spruce_planks":116,"minecraft:stick":4,"minecraft:wooden_pickaxe":1,"minecraft:stone_pickaxe":1,"minecraft:stone_axe":1},"minecraft:dropped":{"minecraft:wooden_pickaxe":1},"minecraft:picked_up":{"minecraft:stick":10,"minecraft:crafting_table":1,"minecraft:raw_iron":1,"minecraft:dandelion":8,"simplefarming:blueberries":4,"simplefarming:raspberries":5,"minecraft:spruce_sapling":11,"minecraft:white_bed":1,"minecraft:spruce_log":29,"alexsmobs:animal_dictionary":1,"simplefarming:raspberry_bush":5,"minecraft:dirt":1,"minecraft:raw_copper":69,"evilcraft:dark_gem":5,"simplefarming:blueberry_bush":3,"minecraft:poppy":18,"minecraft:cobblestone":25}},"DataVersion":3337}