{"stats":{"minecraft:killed":{"vampirism:vampire":5,"vampirism:advanced_vampire":2,"minecraft:spider":2,"minecraft:skeleton":15,"vampirism:blinding_bat":3,"minecraft:bee":1,"minecraft:silverfish":4,"minecraft:illusioner":1,"minecraft:creeper":3,"minecraft:sheep":5,"minecraft:pillager":18,"minecraft:zombie":32,"minecraft:stray":4,"minecraft:cow":10,"mca:female_zombie_villager":2,"minecraft:evoker":1,"minecraft:vex":7,"mca:male_zombie_villager":2,"alexsmobs:raccoon":1,"minecraft:vindicator":15,"minecraft:drowned":3,"alexsmobs:rocky_roller":1,"minecraft:husk":1,"majruszsdifficulty:cursed_armor":1,"evilcraft:poisonous_libelle":1},"minecraft:custom":{"minecraft:interact_with_crafting_table":60,"minecraft:open_barrel":32,"goblintraders:trade_with_goblin":45,"minecraft:leave_game":2,"minecraft:time_since_death":17044,"minecraft:damage_resisted":40,"minecraft:sprint_one_cm":588872,"minecraft:drop":131,"minecraft:play_time":286246,"minecraft:deaths":36,"minecraft:jump":4269,"minecraft:walk_on_water_one_cm":36075,"minecraft:interact_with_furnace":76,"minecraft:interact_with_loom":3,"minecraft:sleep_in_bed":5,"minecraft:damage_dealt":46275,"minecraft:crouch_one_cm":77716,"tombstone:undead_killed":59,"minecraft:interact_with_smoker":1,"minecraft:mob_kills":150,"minecraft:damage_dealt_resisted":867,"minecraft:climb_one_cm":10304,"minecraft:walk_one_cm":931517,"minecraft:sneak_time":31480,"minecraft:walk_under_water_one_cm":74704,"minecraft:boat_one_cm":178174,"minecraft:interact_with_blast_furnace":77,"minecraft:total_world_time":286246,"tombstone:raider_killed":35,"minecraft:time_since_rest":177,"minecraft:damage_taken":16883,"minecraft:swim_one_cm":58389,"minecraft:fly_one_cm":507184,"minecraft:open_chest":127,"minecraft:fall_one_cm":139833},"minecraft:mined":{"minecraft:dark_oak_planks":66,"simplefarming:raspberry_bush":5,"minecraft:white_bed":4,"minecraft:spruce_planks":33,"minecraft:sculk_vein":1,"minecraft:spruce_trapdoor":2,"minecraft:granite":5,"minecraft:grass_block":26,"minecraft:spawner":5,"minecraft:iron_ore":68,"minecraft:cobbled_deepslate":1,"minecraft:deepslate_lapis_ore":4,"minecraft:dark_oak_stairs":3,"minecraft:pointed_dripstone":2,"minecraft:spruce_wood":5,"minecraft:iron_block":4,"minecraft:spruce_slab":2,"minecraft:potted_brown_mushroom":1,"minecraft:red_bed":2,"minecraft:blast_furnace":4,"minecraft:poppy":18,"minecraft:chest":3,"minecraft:cobblestone":19,"minecraft:oak_planks":5,"minecraft:wall_torch":1,"minecraft:tnt":20,"minecraft:grass":2,"minecraft:oak_log":6,"minecraft:sand":98,"minecraft:dirt":6,"minecraft:oak_leaves":2,"minecraft:deepslate":81,"minecraft:diamond_ore":2,"minecraft:red_carpet":5,"minecraft:dark_oak_leaves":26,"minecraft:deepslate_diamond_ore":2,"minecraft:purple_terracotta":3,"minecraft:spruce_fence":5,"minecraft:spruce_leaves":2,"minecraft:spruce_sapling":2,"minecraft:furnace":4,"minecraft:andesite":37,"evilcraft:dark_ore":3,"minecraft:deepslate_iron_ore":68,"minecraft:rail":1,"minecraft:lantern":1,"minecraft:stone":266,"minecraft:white_wool":7,"simplefarming:blueberry_bush":4,"minecraft:birch_pressure_plate":4,"minecraft:glass_pane":13,"minecraft:brown_carpet":1,"minecraft:dandelion":19,"travelersbackpack:standard":4,"minecraft:crafting_table":2,"minecraft:emerald_ore":22,"minecraft:lectern":1,"minecraft:copper_ore":22,"minecraft:tall_grass":1,"minecraft:lapis_ore":2,"minecraft:deepslate_gold_ore":28,"minecraft:diorite":18,"minecraft:spruce_stairs":1,"minecraft:birch_planks":6,"minecraft:cobblestone_wall":1,"rpgsmw:mineral_ore":2,"minecraft:white_carpet":5,"minecraft:spruce_log":16,"minecraft:coal_ore":93,"minecraft:dark_oak_button":1,"minecraft:gravel":1,"minecraft:dripstone_block":3,"minecraft:mossy_stone_bricks":1,"minecraft:gold_ore":2,"minecraft:birch_fence":4},"minecraft:used":{"minecraft:chest":4,"simplefarming:blueberries":4,"simplefarming:raspberries":5,"minecraft:spruce_wood":3,"minecraft:dark_oak_button":1,"minecraft:furnace":3,"minecraft:egg":1,"rpgsmw:steel_spear":409,"minecraft:emerald_ore":8,"minecraft:stone_pickaxe":132,"minecraft:oak_planks":11,"minecraft:wooden_pickaxe":18,"minecraft:glow_berries":7,"minecraft:blast_furnace":2,"rpgsmw:steel_greatsword":103,"minecraft:bread":130,"minecraft:oak_boat":2,"minecraft:experience_bottle":3,"minecraft:spruce_planks":402,"minecraft:torch":111,"minecraft:dirt":9,"minecraft:dark_oak_planks":46,"minecraft:iron_axe":165,"easy_hammers:iron_hammer":223,"minecraft:totem_of_undying":1,"rpgsmw:iron_spear":116,"tombstone:gift":5,"minecraft:cobbled_deepslate":59,"minecraft:pointed_dripstone":4,"minecraft:birch_planks":3,"minecraft:rail":1,"minecraft:crafting_table":6,"minecraft:red_bed":2,"minecraft:white_bed":4,"tombstone:bag_of_seeds":2,"minecraft:apple":3,"minecraft:iron_pickaxe":465,"tombstone:magic_scroll":1,"minecraft:spruce_trapdoor":2,"minecraft:stone_axe":9,"minecraft:cobblestone":96,"travelersbackpack:standard":3,"minecraft:pumpkin_pie":21,"alexsmobs:animal_dictionary":1},"minecraft:killed_by":{"minecraft:evoker":1,"minecraft:ravager":1,"minecraft:drowned":1,"minecraft:vindicator":3,"minecraft:zombie":4,"minecraft:vex":9,"minecraft:illusioner":11,"minecraft:stray":2,"minecraft:skeleton":2,"mca:male_zombie_villager":2},"minecraft:crafted":{"easy_hammers:iron_hammer":1,"rpgsmw:blue_fabric":14,"minecraft:smooth_stone":6,"rpgsmw:steel_paladin_armour_chestplate":1,"rpgsmw:steel_battle_hammer":1,"minecraft:oak_planks":48,"minecraft:stone":6,"rpgsmw:steelnugget":9,"rpgsmw:steel_sword":1,"minecraft:glass":37,"evilcraft:blood_extractor":13,"rpgsmw:steel_paladin_armour_leggings":1,"minecraft:chest":2,"rpgsmw:steel_greatsword":1,"rpgsmw:woodenfiber":11,"rpgsmw:steelrainforcedstick":3,"rpgsmw:steel_spear":1,"minecraft:crafting_table":5,"minecraft:spruce_planks":548,"minecraft:iron_helmet":1,"minecraft:wooden_pickaxe":1,"travelersbackpack:standard":1,"minecraft:copper_ingot":64,"rpgsmw:steel_gauntlet":1,"minecraft:iron_chestplate":1,"minecraft:shield":1,"minecraft:stick":112,"minecraft:iron_ingot":183,"minecraft:iron_pickaxe":2,"minecraft:iron_block":7,"minecraft:gold_ingot":45,"evilcraft:dark_spike":48,"rpgsmw:steel_paladin_armour_boots":1,"minecraft:furnace":1,"minecraft:blast_furnace":2,"rpgsmw:iron_greatsword":1,"travelersbackpack:white_sleeping_bag":2,"rpgsmw:steel_paladin_armour_helmet":1,"rpgsmw:steel_berserk_armor_leggings":1,"minecraft:iron_axe":1,"minecraft:stone_pickaxe":1,"rpgsmw:steel_berserk_armor_boots":1,"rpgsmw:steelblock":1,"travelersbackpack:backpack_tank":4,"rpgsmw:steel":67,"rpgsmw:iron_spear":1,"rpgsmw:steel_berserk_armor_helmet":1,"minecraft:stone_axe":1,"rpgsmw:rainforcedstick":2,"minecraft:air":0,"minecraft:blue_dye":20,"minecraft:oak_boat":1,"minecraft:blue_wool":7,"rpgsmw:steel_berserk_armor_chestplate":1,"minecraft:torch":56},"minecraft:broken":{"rpgsmw:steel_paladin_armour_boots":1,"rpgsmw:steel_paladin_armour_helmet":1,"rpgsmw:steel_paladin_armour_leggings":1,"minecraft:stone_pickaxe":1,"rpgsmw:steel_paladin_armour_chestplate":1,"minecraft:iron_axe":1,"minecraft:iron_pickaxe":1},"minecraft:dropped":{"minecraft:birch_planks":3,"minecraft:lantern":5,"minecraft:leather_helmet":1,"minecraft:red_carpet":3,"minecraft:dirt":1,"minecraft:birch_fence":1,"minecraft:dark_oak_log":2,"minecraft:netherite_scrap":2,"rpgsmw:steel_gauntlet":1,"minecraft:writable_book":1,"minecraft:sand":61,"minecraft:dark_oak_planks":23,"rpgsmw:steel_berserk_armor_chestplate":1,"minecraft:bone":4,"minecraft:stone_axe":1,"minecraft:cobbled_deepslate":180,"minecraft:wheat":2,"minecraft:rotten_flesh":20,"minecraft:oak_planks":1,"evilcraft:flesh_humanoid":4,"minecraft:leather_chestplate":1,"rpgsmw:iron_greatsword":1,"minecraft:arrow":2,"minecraft:glass":2,"rpgsmw:iron_spear":1,"minecraft:wheat_seeds":8,"minecraft:dripstone_block":5,"minecraft:feather":1,"minecraft:cobblestone":727,"minecraft:apple":10,"minecraft:granite":4,"minecraft:coal":3,"minecraft:stick":6,"evilcraft:blood_extractor":1,"minecraft:diorite":40,"minecraft:torch":11,"rpgsmw:steel_battle_hammer":1,"tombstone:grave_dust":4,"evilcraft:dark_spike":15,"rpgsmw:steel_berserk_armor_boots":1,"minecraft:string":2,"rpgsmw:blue_fabric":2,"minecraft:stone_sword":1,"minecraft:raw_copper":5,"minecraft:tuff":30,"rpgsmw:steel_berserk_armor_helmet":1,"minecraft:white_carpet":3,"minecraft:birch_pressure_plate":3,"minecraft:slime_block":4,"easy_hammers:iron_hammer":1,"minecraft:spruce_fence":3,"minecraft:spruce_trapdoor":2,"minecraft:spruce_planks":103,"minecraft:andesite":100,"minecraft:oak_sapling":2,"minecraft:slime_ball":3,"rpgsmw:steel_berserk_armor_leggings":1,"minecraft:wooden_pickaxe":1},"minecraft:picked_up":{"minecraft:wheat":1,"minecraft:enchanted_book":1,"minecraft:golden_sword":1,"minecraft:string":8,"minecraft:raw_copper":69,"minecraft:experience_bottle":2,"minecraft:cobbled_deepslate":251,"minecraft:spruce_planks":89,"rpgsmw:rawmiphrilignot":9,"minecraft:furnace":4,"minecraft:stick":20,"minecraft:spruce_stairs":1,"minecraft:torch":41,"simplefarming:raspberries":5,"minecraft:pointed_dripstone":4,"tombstone:grave_dust":9,"minecraft:diorite":40,"majruszsaccessories:dream_catcher":1,"minecraft:stone_sword":2,"minecraft:rotten_flesh":32,"minecraft:iron_block":4,"endrem:rogue_eye":1,"minecraft:cobblestone":608,"vampirism:vampire_book":1,"minecraft:feather":2,"minecraft:andesite":37,"minecraft:brown_wool":1,"evilcraft:flesh_humanoid":1,"alexsmobs:rocky_shell":1,"minecraft:lapis_lazuli":43,"minecraft:dirt":10,"minecraft:lantern":5,"minecraft:bone":14,"minecraft:wheat_seeds":4,"minecraft:raw_gold":30,"simplefarming:blueberry_bush":3,"minecraft:oak_planks":5,"minecraft:sand":98,"minecraft:dark_oak_log":2,"alexsmobs:animal_dictionary":1,"majruszsaccessories:owl_feather":1,"minecraft:diamond":6,"waystones:waystone":1,"minecraft:writable_book":1,"minecraft:granite":4,"minecraft:bread":86,"minecraft:emerald":41,"minecraft:oak_sapling":3,"minecraft:crafting_table":2,"minecraft:red_bed":2,"minecraft:iron_axe":1,"minecraft:netherite_scrap":2,"minecraft:white_carpet":3,"minecraft:birch_fence":1,"minecraft:mossy_cobblestone_wall":1,"minecraft:beef":24,"minecraft:oak_boat":1,"minecraft:poppy":18,"minecraft:spruce_slab":2,"minecraft:lectern":1,"minecraft:chest":3,"rpgsmw:biril":2,"minecraft:spruce_trapdoor":4,"minecraft:egg":1,"minecraft:raw_iron":165,"minecraft:spruce_fence":6,"minecraft:purple_terracotta":4,"minecraft:dark_oak_planks":69,"minecraft:tnt":4,"minecraft:arrow":9,"minecraft:pumpkin_pie":1,"minecraft:gold_ingot":14,"minecraft:totem_of_undying":1,"minecraft:mutton":4,"minecraft:rail":2,"minecraft:white_wool":9,"vampirism:vampire_blood_bottle":1,"minecraft:dark_oak_button":1,"minecraft:leather":18,"minecraft:birch_planks":6,"minecraft:oak_log":12,"minecraft:gunpowder":12,"minecraft:golden_boots":1,"minecraft:cobblestone_wall":1,"tombstone:voodoo_poppet":1,"minecraft:birch_pressure_plate":3,"minecraft:red_carpet":3,"minecraft:apple":16,"minecraft:spruce_wood":3,"minecraft:iron_ingot":3,"tombstone:bag_of_seeds":2,"minecraft:dark_oak_stairs":2,"minecraft:dandelion":18,"minecraft:dripstone_block":2,"simplefarming:blueberries":4,"minecraft:spruce_sapling":11,"minecraft:blast_furnace":4,"minecraft:white_bed":4,"minecraft:spruce_log":134,"simplefarming:raspberry_bush":5,"travelersbackpack:standard":4,"minecraft:slime_ball":3,"evilcraft:dark_gem":14,"tombstone:magic_scroll":1,"minecraft:coal":116}},"DataVersion":3337}