{"stats":{"minecraft:killed":{"minecraft:cow":2},"minecraft:mined":{"simplefarming:raspberry_bush":5,"minecraft:white_bed":1,"minecraft:spruce_sapling":2,"minecraft:iron_ore":6,"minecraft:spruce_log":5,"minecraft:dandelion":8,"evilcraft:dark_ore":1,"minecraft:crafting_table":2,"minecraft:grass_block":2,"minecraft:coal_ore":3,"minecraft:poppy":18,"minecraft:dirt":2,"minecraft:copper_ore":20,"minecraft:spruce_leaves":2,"minecraft:stone":35,"minecraft:white_wool":7,"minecraft:oak_leaves":2,"simplefarming:blueberry_bush":4},"minecraft:custom":{"minecraft:time_since_rest":12738,"minecraft:sprint_one_cm":81137,"minecraft:damage_taken":140,"minecraft:walk_one_cm":95805,"minecraft:mob_kills":2,"minecraft:drop":5,"minecraft:damage_dealt":210,"minecraft:interact_with_crafting_table":6,"minecraft:fly_one_cm":107750,"minecraft:open_barrel":2,"minecraft:open_chest":18,"minecraft:crouch_one_cm":3846,"minecraft:play_time":24535,"minecraft:sneak_time":1849,"minecraft:jump":528,"minecraft:walk_on_water_one_cm":43,"minecraft:time_since_death":24535,"minecraft:leave_game":1,"minecraft:sleep_in_bed":1,"minecraft:climb_one_cm":1184,"minecraft:interact_with_smoker":1,"minecraft:total_world_time":24535,"minecraft:fall_one_cm":16936},"minecraft:used":{"minecraft:apple":3,"minecraft:bread":3,"minecraft:stone_pickaxe":57,"minecraft:spruce_planks":11,"minecraft:wooden_pickaxe":18,"minecraft:stone_axe":9,"minecraft:dirt":1,"rpgsmw:iron_spear":4,"minecraft:crafting_table":2,"simplefarming:blueberries":4,"simplefarming:raspberries":5,"minecraft:experience_bottle":2},"minecraft:crafted":{"minecraft:crafting_table":1,"minecraft:spruce_planks":116,"minecraft:stick":4,"minecraft:wooden_pickaxe":1,"minecraft:stone_pickaxe":1,"rpgsmw:iron_spear":1,"minecraft:stone_axe":1},"minecraft:dropped":{"minecraft:raw_copper":5,"minecraft:spruce_planks":32,"minecraft:rotten_flesh":6,"minecraft:wooden_pickaxe":1,"minecraft:stick":6},"minecraft:picked_up":{"minecraft:stick":10,"minecraft:crafting_table":2,"minecraft:raw_iron":6,"minecraft:leather":7,"minecraft:dandelion":8,"simplefarming:blueberries":4,"simplefarming:raspberries":5,"minecraft:spruce_sapling":11,"minecraft:white_bed":1,"minecraft:spruce_log":29,"alexsmobs:animal_dictionary":1,"simplefarming:raspberry_bush":5,"minecraft:dirt":4,"minecraft:raw_copper":69,"minecraft:experience_bottle":2,"minecraft:spruce_planks":32,"evilcraft:dark_gem":5,"minecraft:beef":4,"simplefarming:blueberry_bush":3,"minecraft:poppy":18,"minecraft:coal":3,"minecraft:white_wool":7,"minecraft:cobblestone":33}},"DataVersion":3337}