{"stats":{"minecraft:killed":{"vampirism:vampire":5,"vampirism:advanced_vampire":2,"minecraft:creeper":3,"minecraft:skeleton":2,"vampirism:blinding_bat":3,"minecraft:zombie":4,"minecraft:silverfish":4,"minecraft:cow":2},"minecraft:custom":{"minecraft:interact_with_furnace":22,"minecraft:mob_kills":30,"minecraft:interact_with_crafting_table":19,"minecraft:open_barrel":2,"minecraft:damage_dealt_resisted":867,"minecraft:leave_game":1,"minecraft:time_since_death":84535,"minecraft:sleep_in_bed":1,"minecraft:climb_one_cm":1184,"minecraft:time_since_rest":72738,"minecraft:sprint_one_cm":181672,"minecraft:damage_taken":894,"minecraft:walk_one_cm":346027,"minecraft:drop":35,"minecraft:damage_dealt":5839,"minecraft:fly_one_cm":136312,"minecraft:open_chest":26,"minecraft:crouch_one_cm":23350,"minecraft:play_time":84535,"tombstone:undead_killed":6,"minecraft:sneak_time":9138,"minecraft:jump":1222,"minecraft:walk_on_water_one_cm":1551,"minecraft:total_world_time":84535,"minecraft:interact_with_smoker":1,"minecraft:fall_one_cm":36951},"minecraft:mined":{"simplefarming:raspberry_bush":5,"minecraft:white_bed":1,"minecraft:deepslate_diamond_ore":2,"minecraft:sculk_vein":1,"minecraft:dandelion":8,"minecraft:crafting_table":2,"minecraft:granite":5,"minecraft:grass_block":2,"minecraft:poppy":18,"minecraft:lapis_ore":2,"minecraft:copper_ore":22,"minecraft:cobblestone":16,"minecraft:spruce_leaves":2,"minecraft:deepslate_gold_ore":28,"minecraft:oak_planks":4,"minecraft:diorite":18,"minecraft:wall_torch":1,"minecraft:spruce_sapling":2,"rpgsmw:mineral_ore":2,"minecraft:iron_ore":66,"minecraft:spruce_log":5,"minecraft:andesite":33,"evilcraft:dark_ore":3,"minecraft:deepslate_lapis_ore":4,"minecraft:pointed_dripstone":2,"minecraft:coal_ore":18,"minecraft:deepslate_iron_ore":68,"minecraft:rail":1,"minecraft:gravel":1,"minecraft:dripstone_block":3,"minecraft:dirt":2,"minecraft:stone":222,"minecraft:gold_ore":2,"minecraft:white_wool":7,"minecraft:deepslate":81,"minecraft:oak_leaves":2,"simplefarming:blueberry_bush":4},"minecraft:used":{"minecraft:stone_pickaxe":132,"minecraft:chest":2,"minecraft:spruce_planks":11,"minecraft:wooden_pickaxe":18,"minecraft:glow_berries":7,"minecraft:torch":110,"minecraft:dirt":4,"minecraft:rail":1,"minecraft:crafting_table":4,"minecraft:white_bed":1,"simplefarming:blueberries":4,"simplefarming:raspberries":5,"minecraft:apple":3,"minecraft:iron_axe":3,"minecraft:bread":18,"easy_hammers:iron_hammer":219,"minecraft:iron_pickaxe":248,"tombstone:magic_scroll":1,"minecraft:stone_axe":9,"rpgsmw:iron_spear":105,"minecraft:cobblestone":94,"minecraft:furnace":1,"minecraft:pointed_dripstone":3,"minecraft:cobbled_deepslate":42,"minecraft:experience_bottle":2},"minecraft:crafted":{"easy_hammers:iron_hammer":1,"minecraft:crafting_table":3,"minecraft:spruce_planks":116,"minecraft:wooden_pickaxe":1,"minecraft:iron_helmet":1,"rpgsmw:iron_spear":1,"minecraft:furnace":1,"minecraft:stone_axe":1,"minecraft:air":0,"rpgsmw:iron_greatsword":1,"minecraft:iron_chestplate":1,"minecraft:shield":1,"minecraft:iron_axe":1,"minecraft:stick":16,"minecraft:iron_ingot":97,"minecraft:iron_pickaxe":1,"minecraft:stone_pickaxe":1,"minecraft:chest":2,"minecraft:torch":56},"minecraft:broken":{"minecraft:stone_pickaxe":1},"minecraft:dropped":{"minecraft:stone_axe":1,"minecraft:cobbled_deepslate":142,"minecraft:raw_copper":5,"minecraft:dripstone_block":5,"minecraft:cobblestone":715,"minecraft:rotten_flesh":6,"minecraft:granite":4,"minecraft:coal":3,"minecraft:leather_helmet":1,"minecraft:stick":6,"minecraft:leather_chestplate":1,"minecraft:diorite":40,"minecraft:spruce_planks":85,"minecraft:andesite":64,"minecraft:wooden_pickaxe":1},"minecraft:picked_up":{"minecraft:crafting_table":2,"vampirism:vampire_book":1,"vampirism:vampire_blood_bottle":1,"minecraft:andesite":1,"minecraft:leather":7,"minecraft:gunpowder":3,"alexsmobs:rocky_shell":1,"minecraft:lapis_lazuli":43,"minecraft:dirt":4,"minecraft:raw_copper":69,"minecraft:bone":4,"minecraft:experience_bottle":2,"minecraft:cobbled_deepslate":251,"minecraft:raw_gold":30,"minecraft:spruce_planks":59,"rpgsmw:rawmiphrilignot":9,"minecraft:beef":4,"simplefarming:blueberry_bush":3,"minecraft:poppy":18,"minecraft:oak_planks":4,"rpgsmw:biril":2,"minecraft:stick":17,"minecraft:raw_iron":163,"minecraft:dripstone_block":2,"minecraft:torch":39,"minecraft:dandelion":8,"simplefarming:blueberries":4,"simplefarming:raspberries":5,"minecraft:pointed_dripstone":3,"minecraft:spruce_sapling":11,"minecraft:diorite":40,"minecraft:white_bed":1,"minecraft:spruce_log":29,"simplefarming:raspberry_bush":5,"alexsmobs:animal_dictionary":1,"minecraft:arrow":1,"minecraft:rotten_flesh":3,"minecraft:diamond":2,"evilcraft:dark_gem":14,"minecraft:granite":4,"minecraft:bread":64,"minecraft:rail":2,"minecraft:coal":32,"minecraft:white_wool":7,"minecraft:cobblestone":577}},"DataVersion":3337}