{"stats":{"minecraft:killed":{"vampirism:vampire":5,"vampirism:advanced_vampire":2,"minecraft:skeleton":3,"vampirism:blinding_bat":3,"minecraft:silverfish":4,"minecraft:creeper":3,"minecraft:zombie":5,"minecraft:cow":2},"minecraft:custom":{"minecraft:mob_kills":32,"minecraft:interact_with_crafting_table":28,"minecraft:open_barrel":2,"minecraft:damage_dealt_resisted":867,"minecraft:leave_game":1,"minecraft:time_since_death":96535,"minecraft:climb_one_cm":1184,"minecraft:sprint_one_cm":212915,"minecraft:walk_one_cm":388053,"minecraft:drop":38,"minecraft:play_time":96535,"minecraft:sneak_time":9169,"minecraft:jump":1401,"minecraft:interact_with_blast_furnace":6,"minecraft:walk_on_water_one_cm":1940,"minecraft:total_world_time":96535,"minecraft:interact_with_furnace":57,"minecraft:sleep_in_bed":1,"minecraft:time_since_rest":84738,"minecraft:damage_taken":998,"minecraft:damage_dealt":6253,"minecraft:fly_one_cm":144440,"minecraft:open_chest":43,"minecraft:crouch_one_cm":23352,"tombstone:undead_killed":8,"minecraft:interact_with_smoker":1,"minecraft:fall_one_cm":41232},"minecraft:mined":{"simplefarming:raspberry_bush":5,"minecraft:white_bed":1,"minecraft:deepslate_diamond_ore":2,"minecraft:sculk_vein":1,"minecraft:granite":5,"minecraft:grass_block":2,"minecraft:spruce_leaves":2,"minecraft:spruce_sapling":2,"minecraft:furnace":3,"minecraft:iron_ore":66,"minecraft:andesite":37,"evilcraft:dark_ore":3,"minecraft:deepslate_lapis_ore":4,"minecraft:pointed_dripstone":2,"minecraft:deepslate_iron_ore":68,"minecraft:rail":1,"minecraft:stone":229,"minecraft:white_wool":7,"simplefarming:blueberry_bush":4,"minecraft:dandelion":8,"minecraft:crafting_table":2,"minecraft:poppy":18,"minecraft:copper_ore":22,"minecraft:cobblestone":16,"minecraft:deepslate_gold_ore":28,"minecraft:lapis_ore":2,"minecraft:oak_planks":4,"minecraft:diorite":18,"minecraft:wall_torch":1,"rpgsmw:mineral_ore":2,"minecraft:spruce_log":5,"minecraft:coal_ore":18,"minecraft:dirt":2,"minecraft:gravel":1,"minecraft:dripstone_block":3,"minecraft:gold_ore":2,"minecraft:oak_leaves":2,"minecraft:deepslate":81},"minecraft:used":{"minecraft:spruce_planks":11,"minecraft:chest":2,"minecraft:torch":110,"minecraft:dirt":4,"simplefarming:blueberries":4,"simplefarming:raspberries":5,"minecraft:iron_axe":3,"easy_hammers:iron_hammer":223,"rpgsmw:iron_spear":111,"minecraft:furnace":1,"minecraft:cobbled_deepslate":50,"minecraft:pointed_dripstone":3,"minecraft:stone_pickaxe":132,"minecraft:wooden_pickaxe":18,"minecraft:glow_berries":7,"minecraft:rail":1,"minecraft:crafting_table":4,"minecraft:blast_furnace":2,"minecraft:white_bed":1,"tombstone:bag_of_seeds":2,"minecraft:apple":3,"minecraft:bread":21,"minecraft:iron_pickaxe":258,"tombstone:magic_scroll":1,"minecraft:stone_axe":9,"minecraft:cobblestone":95,"minecraft:experience_bottle":2},"minecraft:crafted":{"rpgsmw:blue_fabric":14,"minecraft:smooth_stone":6,"easy_hammers:iron_hammer":1,"minecraft:furnace":1,"minecraft:blast_furnace":2,"minecraft:stone":6,"rpgsmw:iron_greatsword":1,"minecraft:iron_axe":1,"minecraft:stone_pickaxe":1,"minecraft:chest":2,"minecraft:crafting_table":3,"minecraft:spruce_planks":116,"minecraft:wooden_pickaxe":1,"minecraft:iron_helmet":1,"rpgsmw:steel":7,"rpgsmw:iron_spear":1,"minecraft:copper_ingot":64,"minecraft:stone_axe":1,"minecraft:air":0,"minecraft:blue_dye":20,"minecraft:iron_chestplate":1,"minecraft:shield":1,"minecraft:stick":28,"minecraft:iron_pickaxe":2,"minecraft:iron_ingot":97,"minecraft:blue_wool":7,"minecraft:torch":56},"minecraft:broken":{"minecraft:stone_pickaxe":1,"minecraft:iron_pickaxe":1},"minecraft:dropped":{"minecraft:dripstone_block":5,"minecraft:cobblestone":715,"minecraft:granite":4,"minecraft:coal":3,"minecraft:leather_helmet":1,"minecraft:stick":6,"minecraft:diorite":40,"minecraft:stone_axe":1,"minecraft:cobbled_deepslate":142,"minecraft:raw_copper":5,"minecraft:rotten_flesh":8,"easy_hammers:iron_hammer":1,"minecraft:leather_chestplate":1,"minecraft:spruce_planks":85,"minecraft:andesite":100,"minecraft:wooden_pickaxe":1},"minecraft:picked_up":{"minecraft:crafting_table":2,"minecraft:string":5,"minecraft:raw_copper":69,"minecraft:experience_bottle":2,"minecraft:cobbled_deepslate":251,"minecraft:spruce_planks":59,"minecraft:beef":4,"rpgsmw:rawmiphrilignot":9,"minecraft:poppy":18,"rpgsmw:biril":2,"minecraft:furnace":3,"minecraft:raw_iron":163,"minecraft:stick":17,"minecraft:torch":39,"simplefarming:raspberries":5,"minecraft:pointed_dripstone":3,"minecraft:diorite":40,"minecraft:arrow":1,"minecraft:rotten_flesh":5,"minecraft:cobblestone":584,"minecraft:white_wool":7,"minecraft:rail":2,"vampirism:vampire_book":1,"vampirism:vampire_blood_bottle":1,"minecraft:andesite":37,"minecraft:leather":7,"minecraft:gunpowder":3,"alexsmobs:rocky_shell":1,"minecraft:lapis_lazuli":43,"minecraft:dirt":4,"minecraft:bone":6,"minecraft:raw_gold":30,"simplefarming:blueberry_bush":3,"tombstone:bag_of_seeds":1,"minecraft:oak_planks":4,"minecraft:dandelion":8,"simplefarming:blueberries":4,"minecraft:dripstone_block":2,"minecraft:spruce_sapling":11,"minecraft:white_bed":1,"minecraft:spruce_log":29,"simplefarming:raspberry_bush":5,"alexsmobs:animal_dictionary":1,"minecraft:diamond":2,"evilcraft:dark_gem":14,"minecraft:granite":4,"minecraft:bread":64,"minecraft:coal":41}},"DataVersion":3337}