{"stats":{"minecraft:killed":{"minecraft:silverfish":4,"minecraft:cow":2},"minecraft:custom":{"minecraft:interact_with_furnace":10,"minecraft:mob_kills":6,"minecraft:interact_with_crafting_table":13,"minecraft:open_barrel":2,"minecraft:leave_game":1,"minecraft:time_since_death":36535,"minecraft:sleep_in_bed":1,"minecraft:climb_one_cm":1184,"minecraft:time_since_rest":24738,"minecraft:sprint_one_cm":81385,"minecraft:damage_taken":170,"minecraft:walk_one_cm":123379,"minecraft:drop":14,"minecraft:damage_dealt":530,"minecraft:fly_one_cm":108065,"minecraft:open_chest":18,"minecraft:crouch_one_cm":6422,"minecraft:play_time":36535,"minecraft:sneak_time":3168,"minecraft:jump":596,"minecraft:walk_on_water_one_cm":624,"minecraft:total_world_time":36535,"minecraft:interact_with_smoker":1,"minecraft:fall_one_cm":17472},"minecraft:mined":{"simplefarming:raspberry_bush":5,"minecraft:white_bed":1,"minecraft:dandelion":8,"minecraft:crafting_table":2,"minecraft:granite":5,"minecraft:grass_block":2,"minecraft:poppy":18,"minecraft:copper_ore":22,"minecraft:cobblestone":10,"minecraft:spruce_leaves":2,"minecraft:diorite":18,"minecraft:spruce_sapling":2,"minecraft:iron_ore":19,"minecraft:spruce_log":5,"minecraft:andesite":16,"evilcraft:dark_ore":1,"minecraft:pointed_dripstone":1,"minecraft:coal_ore":17,"minecraft:gravel":1,"minecraft:dripstone_block":1,"minecraft:dirt":2,"minecraft:stone":199,"minecraft:white_wool":7,"minecraft:oak_leaves":2,"simplefarming:blueberry_bush":4},"minecraft:used":{"minecraft:stone_pickaxe":132,"minecraft:spruce_planks":11,"minecraft:wooden_pickaxe":18,"minecraft:torch":14,"minecraft:dirt":4,"minecraft:crafting_table":3,"simplefarming:blueberries":4,"simplefarming:raspberries":5,"minecraft:apple":3,"minecraft:bread":3,"easy_hammers:iron_hammer":158,"minecraft:iron_pickaxe":11,"minecraft:stone_axe":9,"rpgsmw:iron_spear":12,"minecraft:cobblestone":49,"minecraft:furnace":1,"minecraft:experience_bottle":2},"minecraft:crafted":{"easy_hammers:iron_hammer":1,"minecraft:crafting_table":2,"minecraft:spruce_planks":116,"minecraft:wooden_pickaxe":1,"rpgsmw:iron_spear":1,"minecraft:furnace":1,"minecraft:stone_axe":1,"minecraft:air":0,"minecraft:iron_axe":1,"minecraft:stick":16,"minecraft:iron_ingot":8,"minecraft:iron_pickaxe":1,"minecraft:stone_pickaxe":1,"minecraft:torch":32},"minecraft:broken":{"minecraft:stone_pickaxe":1},"minecraft:dropped":{"minecraft:stone_axe":1,"minecraft:raw_copper":5,"minecraft:cobblestone":301,"minecraft:rotten_flesh":6,"minecraft:granite":4,"minecraft:stick":6,"minecraft:diorite":40,"minecraft:spruce_planks":32,"minecraft:wooden_pickaxe":1},"minecraft:picked_up":{"minecraft:crafting_table":2,"minecraft:leather":7,"minecraft:dirt":4,"minecraft:raw_copper":69,"minecraft:experience_bottle":2,"minecraft:spruce_planks":32,"minecraft:beef":4,"simplefarming:blueberry_bush":3,"minecraft:poppy":18,"minecraft:stick":10,"minecraft:raw_iron":27,"minecraft:torch":2,"minecraft:dandelion":8,"simplefarming:blueberries":4,"simplefarming:raspberries":5,"minecraft:spruce_sapling":11,"minecraft:diorite":40,"minecraft:white_bed":1,"minecraft:spruce_log":29,"simplefarming:raspberry_bush":5,"alexsmobs:animal_dictionary":1,"evilcraft:dark_gem":5,"minecraft:granite":4,"minecraft:bread":64,"minecraft:coal":31,"minecraft:white_wool":7,"minecraft:cobblestone":435}},"DataVersion":3337}