{"stats":{"minecraft:killed":{"vampirism:vampire":5,"vampirism:advanced_vampire":2,"alexsmobs:raccoon":1,"minecraft:spider":1,"minecraft:vindicator":6,"minecraft:skeleton":12,"vampirism:blinding_bat":3,"minecraft:bee":1,"minecraft:silverfish":4,"alexsmobs:rocky_roller":1,"minecraft:husk":1,"majruszsdifficulty:cursed_armor":1,"minecraft:creeper":3,"minecraft:sheep":2,"minecraft:pillager":16,"evilcraft:poisonous_libelle":1,"minecraft:zombie":23,"minecraft:stray":2,"minecraft:cow":2},"minecraft:custom":{"minecraft:mob_kills":93,"minecraft:interact_with_crafting_table":58,"minecraft:open_barrel":31,"goblintraders:trade_with_goblin":45,"minecraft:damage_dealt_resisted":867,"minecraft:leave_game":1,"minecraft:time_since_death":192535,"minecraft:climb_one_cm":3930,"minecraft:sprint_one_cm":326705,"minecraft:walk_one_cm":604315,"minecraft:drop":86,"minecraft:play_time":192535,"minecraft:sneak_time":19464,"minecraft:walk_under_water_one_cm":10400,"minecraft:boat_one_cm":178174,"minecraft:jump":3120,"minecraft:interact_with_blast_furnace":77,"minecraft:walk_on_water_one_cm":19190,"minecraft:total_world_time":192535,"minecraft:interact_with_furnace":76,"tombstone:raider_killed":22,"minecraft:sleep_in_bed":3,"minecraft:time_since_rest":33839,"minecraft:damage_taken":4082,"minecraft:damage_dealt":20512,"minecraft:swim_one_cm":40761,"minecraft:fly_one_cm":329166,"minecraft:open_chest":93,"minecraft:crouch_one_cm":49997,"tombstone:undead_killed":38,"minecraft:interact_with_smoker":1,"minecraft:fall_one_cm":81224},"minecraft:mined":{"minecraft:dark_oak_planks":48,"simplefarming:raspberry_bush":5,"minecraft:red_carpet":2,"minecraft:spruce_planks":27,"minecraft:white_bed":4,"minecraft:dark_oak_leaves":5,"minecraft:deepslate_diamond_ore":2,"minecraft:sculk_vein":1,"minecraft:spruce_trapdoor":1,"minecraft:granite":5,"minecraft:purple_terracotta":3,"minecraft:spruce_fence":3,"minecraft:grass_block":26,"minecraft:spruce_leaves":2,"minecraft:spawner":1,"minecraft:spruce_sapling":2,"minecraft:furnace":4,"minecraft:cobbled_deepslate":1,"minecraft:iron_ore":68,"minecraft:andesite":37,"evilcraft:dark_ore":3,"minecraft:deepslate_lapis_ore":4,"minecraft:dark_oak_stairs":2,"minecraft:pointed_dripstone":2,"minecraft:deepslate_iron_ore":68,"minecraft:rail":1,"minecraft:spruce_wood":5,"minecraft:stone":256,"minecraft:white_wool":7,"minecraft:spruce_slab":2,"simplefarming:blueberry_bush":4,"minecraft:dandelion":19,"minecraft:crafting_table":2,"minecraft:blast_furnace":2,"minecraft:poppy":18,"minecraft:chest":3,"minecraft:copper_ore":22,"minecraft:cobblestone":19,"minecraft:deepslate_gold_ore":28,"minecraft:lapis_ore":2,"minecraft:oak_planks":5,"minecraft:diorite":18,"minecraft:wall_torch":1,"minecraft:spruce_stairs":1,"minecraft:birch_planks":5,"rpgsmw:mineral_ore":2,"minecraft:white_carpet":5,"minecraft:spruce_log":16,"minecraft:grass":2,"minecraft:oak_log":6,"minecraft:coal_ore":93,"minecraft:sand":94,"minecraft:dirt":6,"minecraft:gravel":1,"minecraft:dripstone_block":3,"minecraft:gold_ore":2,"minecraft:birch_fence":3,"minecraft:oak_leaves":2,"minecraft:deepslate":81},"minecraft:used":{"minecraft:spruce_planks":200,"minecraft:chest":2,"minecraft:torch":111,"minecraft:dirt":9,"simplefarming:blueberries":4,"simplefarming:raspberries":5,"minecraft:dark_oak_planks":17,"minecraft:spruce_wood":3,"minecraft:iron_axe":129,"easy_hammers:iron_hammer":223,"rpgsmw:iron_spear":116,"minecraft:furnace":3,"minecraft:egg":1,"rpgsmw:steel_spear":228,"minecraft:cobbled_deepslate":59,"minecraft:pointed_dripstone":4,"minecraft:birch_planks":3,"minecraft:stone_pickaxe":132,"minecraft:oak_planks":11,"minecraft:wooden_pickaxe":18,"minecraft:glow_berries":7,"minecraft:rail":1,"minecraft:crafting_table":5,"minecraft:blast_furnace":2,"minecraft:white_bed":4,"tombstone:bag_of_seeds":2,"minecraft:apple":3,"rpgsmw:steel_greatsword":6,"minecraft:bread":88,"minecraft:iron_pickaxe":391,"tombstone:magic_scroll":1,"minecraft:spruce_trapdoor":1,"minecraft:stone_axe":9,"travelersbackpack:standard":1,"minecraft:cobblestone":95,"minecraft:oak_boat":2,"alexsmobs:animal_dictionary":1,"minecraft:experience_bottle":3},"minecraft:crafted":{"evilcraft:dark_spike":48,"rpgsmw:blue_fabric":14,"rpgsmw:steel_battle_hammer":1,"minecraft:oak_planks":48,"rpgsmw:steel_paladin_armour_chestplate":1,"minecraft:smooth_stone":6,"easy_hammers:iron_hammer":1,"rpgsmw:steel_paladin_armour_boots":1,"minecraft:furnace":1,"minecraft:blast_furnace":2,"minecraft:stone":6,"rpgsmw:steelnugget":9,"rpgsmw:steel_sword":1,"rpgsmw:iron_greatsword":1,"minecraft:glass":37,"travelersbackpack:white_sleeping_bag":2,"rpgsmw:steel_paladin_armour_helmet":1,"evilcraft:blood_extractor":13,"rpgsmw:steel_berserk_armor_leggings":1,"minecraft:iron_axe":1,"rpgsmw:steel_paladin_armour_leggings":1,"minecraft:stone_pickaxe":1,"minecraft:chest":2,"rpgsmw:steel_greatsword":1,"rpgsmw:steel_berserk_armor_boots":1,"rpgsmw:woodenfiber":11,"rpgsmw:steelrainforcedstick":3,"rpgsmw:steel_spear":1,"rpgsmw:steelblock":1,"minecraft:crafting_table":4,"minecraft:spruce_planks":372,"travelersbackpack:standard":1,"travelersbackpack:backpack_tank":4,"minecraft:wooden_pickaxe":1,"minecraft:iron_helmet":1,"rpgsmw:steel":67,"rpgsmw:steel_berserk_armor_helmet":1,"rpgsmw:iron_spear":1,"minecraft:copper_ingot":64,"minecraft:stone_axe":1,"rpgsmw:rainforcedstick":2,"minecraft:air":0,"rpgsmw:steel_gauntlet":1,"minecraft:blue_dye":20,"minecraft:oak_boat":1,"minecraft:iron_chestplate":1,"minecraft:shield":1,"minecraft:stick":112,"minecraft:iron_pickaxe":2,"minecraft:iron_ingot":183,"minecraft:blue_wool":7,"rpgsmw:steel_berserk_armor_chestplate":1,"minecraft:gold_ingot":45,"minecraft:torch":56},"minecraft:broken":{"minecraft:stone_pickaxe":1,"minecraft:iron_axe":1,"minecraft:iron_pickaxe":1},"minecraft:dropped":{"rpgsmw:iron_spear":1,"minecraft:birch_planks":2,"minecraft:dripstone_block":5,"minecraft:feather":1,"minecraft:cobblestone":727,"minecraft:apple":10,"minecraft:granite":4,"minecraft:coal":3,"minecraft:leather_helmet":1,"minecraft:red_carpet":1,"minecraft:stick":6,"evilcraft:blood_extractor":1,"minecraft:dark_oak_log":2,"minecraft:diorite":40,"rpgsmw:steel_gauntlet":1,"rpgsmw:steel_battle_hammer":1,"evilcraft:dark_spike":15,"rpgsmw:steel_berserk_armor_boots":1,"minecraft:sand":57,"minecraft:dark_oak_planks":2,"rpgsmw:steel_berserk_armor_chestplate":1,"minecraft:bone":1,"minecraft:stone_axe":1,"rpgsmw:blue_fabric":2,"minecraft:stone_sword":1,"minecraft:cobbled_deepslate":180,"minecraft:raw_copper":5,"minecraft:tuff":30,"rpgsmw:steel_berserk_armor_helmet":1,"minecraft:white_carpet":2,"minecraft:rotten_flesh":8,"minecraft:oak_planks":1,"easy_hammers:iron_hammer":1,"minecraft:spruce_fence":3,"minecraft:leather_chestplate":1,"minecraft:spruce_trapdoor":1,"minecraft:spruce_planks":99,"rpgsmw:iron_greatsword":1,"minecraft:andesite":100,"minecraft:oak_sapling":2,"minecraft:arrow":2,"minecraft:glass":2,"rpgsmw:steel_berserk_armor_leggings":1,"minecraft:wooden_pickaxe":1},"minecraft:picked_up":{"minecraft:crafting_table":2,"minecraft:enchanted_book":1,"minecraft:golden_sword":1,"minecraft:iron_axe":1,"minecraft:string":6,"minecraft:raw_copper":69,"minecraft:white_carpet":3,"minecraft:birch_fence":1,"minecraft:experience_bottle":2,"minecraft:cobbled_deepslate":251,"minecraft:spruce_planks":82,"minecraft:beef":4,"rpgsmw:rawmiphrilignot":9,"minecraft:oak_boat":1,"minecraft:poppy":18,"minecraft:spruce_slab":2,"minecraft:chest":3,"minecraft:spruce_trapdoor":2,"rpgsmw:biril":2,"minecraft:egg":1,"minecraft:furnace":4,"minecraft:raw_iron":165,"minecraft:stick":20,"minecraft:torch":41,"minecraft:spruce_stairs":1,"minecraft:spruce_fence":3,"simplefarming:raspberries":5,"tombstone:grave_dust":2,"minecraft:pointed_dripstone":4,"minecraft:diorite":40,"minecraft:purple_terracotta":4,"minecraft:dark_oak_planks":46,"minecraft:stone_sword":2,"minecraft:arrow":9,"minecraft:rotten_flesh":10,"minecraft:gold_ingot":14,"endrem:rogue_eye":1,"minecraft:cobblestone":596,"minecraft:white_wool":7,"minecraft:rail":2,"vampirism:vampire_book":1,"minecraft:feather":2,"vampirism:vampire_blood_bottle":1,"minecraft:andesite":37,"minecraft:leather":7,"minecraft:birch_planks":5,"minecraft:oak_log":12,"minecraft:golden_boots":1,"minecraft:gunpowder":12,"tombstone:voodoo_poppet":1,"alexsmobs:rocky_shell":1,"minecraft:lapis_lazuli":43,"minecraft:dirt":9,"minecraft:red_carpet":2,"minecraft:bone":14,"minecraft:apple":16,"minecraft:raw_gold":30,"minecraft:spruce_wood":3,"minecraft:iron_ingot":3,"simplefarming:blueberry_bush":3,"tombstone:bag_of_seeds":1,"minecraft:oak_planks":5,"minecraft:dark_oak_stairs":2,"minecraft:dandelion":18,"simplefarming:blueberries":4,"minecraft:dripstone_block":2,"minecraft:sand":94,"minecraft:spruce_sapling":11,"minecraft:blast_furnace":2,"minecraft:white_bed":4,"minecraft:spruce_log":134,"minecraft:dark_oak_log":2,"simplefarming:raspberry_bush":5,"alexsmobs:animal_dictionary":1,"minecraft:diamond":4,"evilcraft:dark_gem":14,"minecraft:granite":4,"minecraft:emerald":5,"minecraft:bread":64,"minecraft:oak_sapling":3,"minecraft:coal":116}},"DataVersion":3337}