{"stats":{"minecraft:killed":{"vampirism:vampire":5,"vampirism:advanced_vampire":2,"minecraft:skeleton":4,"vampirism:blinding_bat":3,"minecraft:silverfish":4,"alexsmobs:rocky_roller":1,"minecraft:creeper":3,"minecraft:zombie":5,"minecraft:cow":2},"minecraft:custom":{"minecraft:mob_kills":34,"minecraft:interact_with_crafting_table":39,"minecraft:open_barrel":2,"goblintraders:trade_with_goblin":45,"minecraft:damage_dealt_resisted":867,"minecraft:leave_game":1,"minecraft:time_since_death":108535,"minecraft:climb_one_cm":1184,"minecraft:sprint_one_cm":227879,"minecraft:walk_one_cm":414746,"minecraft:drop":38,"minecraft:play_time":108535,"minecraft:sneak_time":9482,"minecraft:walk_under_water_one_cm":30,"minecraft:jump":1636,"minecraft:interact_with_blast_furnace":44,"minecraft:walk_on_water_one_cm":2018,"minecraft:total_world_time":108535,"minecraft:interact_with_furnace":59,"minecraft:sleep_in_bed":1,"minecraft:time_since_rest":96738,"minecraft:damage_taken":1133,"minecraft:damage_dealt":6508,"minecraft:fly_one_cm":155881,"minecraft:open_chest":59,"minecraft:crouch_one_cm":24389,"tombstone:undead_killed":9,"minecraft:interact_with_smoker":1,"minecraft:fall_one_cm":44435},"minecraft:mined":{"simplefarming:raspberry_bush":5,"minecraft:white_bed":1,"minecraft:deepslate_diamond_ore":2,"minecraft:sculk_vein":1,"minecraft:granite":5,"minecraft:grass_block":3,"minecraft:spruce_leaves":2,"minecraft:spruce_sapling":2,"minecraft:furnace":3,"minecraft:iron_ore":67,"minecraft:andesite":37,"evilcraft:dark_ore":3,"minecraft:deepslate_lapis_ore":4,"minecraft:pointed_dripstone":2,"minecraft:deepslate_iron_ore":68,"minecraft:rail":1,"minecraft:stone":230,"minecraft:white_wool":7,"simplefarming:blueberry_bush":4,"minecraft:dandelion":8,"minecraft:crafting_table":2,"minecraft:poppy":18,"minecraft:copper_ore":22,"minecraft:cobblestone":18,"minecraft:deepslate_gold_ore":28,"minecraft:lapis_ore":2,"minecraft:oak_planks":4,"minecraft:diorite":18,"minecraft:wall_torch":1,"rpgsmw:mineral_ore":2,"minecraft:spruce_log":5,"minecraft:coal_ore":28,"minecraft:dirt":2,"minecraft:gravel":1,"minecraft:dripstone_block":3,"minecraft:gold_ore":2,"minecraft:oak_leaves":2,"minecraft:deepslate":81},"minecraft:used":{"minecraft:spruce_planks":11,"minecraft:chest":2,"minecraft:torch":110,"minecraft:dirt":4,"simplefarming:blueberries":4,"simplefarming:raspberries":5,"minecraft:iron_axe":4,"easy_hammers:iron_hammer":223,"rpgsmw:iron_spear":116,"minecraft:furnace":1,"minecraft:cobbled_deepslate":59,"minecraft:pointed_dripstone":4,"minecraft:stone_pickaxe":132,"minecraft:wooden_pickaxe":18,"minecraft:glow_berries":7,"minecraft:rail":1,"minecraft:crafting_table":4,"minecraft:blast_furnace":2,"minecraft:white_bed":1,"tombstone:bag_of_seeds":2,"minecraft:apple":3,"minecraft:bread":24,"minecraft:iron_pickaxe":273,"tombstone:magic_scroll":1,"minecraft:stone_axe":9,"minecraft:cobblestone":95,"alexsmobs:animal_dictionary":1,"minecraft:experience_bottle":2},"minecraft:crafted":{"rpgsmw:blue_fabric":14,"rpgsmw:steel_paladin_armour_chestplate":1,"minecraft:smooth_stone":6,"easy_hammers:iron_hammer":1,"rpgsmw:steel_paladin_armour_boots":1,"minecraft:furnace":1,"minecraft:blast_furnace":2,"minecraft:stone":6,"rpgsmw:iron_greatsword":1,"rpgsmw:steel_paladin_armour_helmet":1,"rpgsmw:steel_berserk_armor_leggings":1,"minecraft:iron_axe":1,"rpgsmw:steel_paladin_armour_leggings":1,"minecraft:stone_pickaxe":1,"minecraft:chest":2,"rpgsmw:woodenfiber":11,"minecraft:crafting_table":3,"minecraft:spruce_planks":116,"minecraft:wooden_pickaxe":1,"minecraft:iron_helmet":1,"rpgsmw:steel":36,"rpgsmw:steel_berserk_armor_helmet":1,"rpgsmw:iron_spear":1,"minecraft:copper_ingot":64,"minecraft:stone_axe":1,"minecraft:air":0,"minecraft:blue_dye":20,"minecraft:iron_chestplate":1,"minecraft:shield":1,"minecraft:stick":60,"minecraft:iron_pickaxe":2,"minecraft:iron_ingot":183,"minecraft:blue_wool":7,"rpgsmw:steel_berserk_armor_chestplate":1,"minecraft:gold_ingot":45,"minecraft:torch":56},"minecraft:broken":{"minecraft:stone_pickaxe":1,"minecraft:iron_pickaxe":1},"minecraft:dropped":{"minecraft:dripstone_block":5,"minecraft:cobblestone":715,"minecraft:granite":4,"minecraft:coal":3,"minecraft:leather_helmet":1,"minecraft:stick":6,"minecraft:diorite":40,"minecraft:stone_axe":1,"minecraft:cobbled_deepslate":142,"minecraft:raw_copper":5,"minecraft:rotten_flesh":8,"easy_hammers:iron_hammer":1,"minecraft:leather_chestplate":1,"minecraft:spruce_planks":85,"minecraft:andesite":100,"minecraft:wooden_pickaxe":1},"minecraft:picked_up":{"minecraft:crafting_table":2,"minecraft:string":5,"minecraft:raw_copper":69,"minecraft:experience_bottle":2,"minecraft:cobbled_deepslate":251,"minecraft:spruce_planks":59,"minecraft:beef":4,"rpgsmw:rawmiphrilignot":9,"minecraft:poppy":18,"rpgsmw:biril":2,"minecraft:furnace":3,"minecraft:raw_iron":164,"minecraft:stick":19,"minecraft:torch":40,"simplefarming:raspberries":5,"minecraft:pointed_dripstone":4,"minecraft:diorite":40,"minecraft:arrow":2,"minecraft:rotten_flesh":5,"minecraft:cobblestone":587,"minecraft:white_wool":7,"minecraft:rail":2,"vampirism:vampire_book":1,"vampirism:vampire_blood_bottle":1,"minecraft:andesite":37,"minecraft:leather":7,"minecraft:oak_log":6,"minecraft:gunpowder":3,"alexsmobs:rocky_shell":1,"minecraft:lapis_lazuli":43,"minecraft:dirt":5,"minecraft:bone":8,"minecraft:apple":1,"minecraft:raw_gold":30,"simplefarming:blueberry_bush":3,"tombstone:bag_of_seeds":1,"minecraft:oak_planks":4,"minecraft:dandelion":8,"simplefarming:blueberries":4,"minecraft:dripstone_block":2,"minecraft:spruce_sapling":11,"minecraft:white_bed":1,"minecraft:spruce_log":29,"simplefarming:raspberry_bush":5,"alexsmobs:animal_dictionary":1,"minecraft:diamond":2,"evilcraft:dark_gem":14,"minecraft:granite":4,"minecraft:bread":64,"minecraft:oak_sapling":2,"minecraft:coal":51}},"DataVersion":3337}