{"stats":{"minecraft:mined":{"minecraft:hay_block":63,"minecraft:iron_ore":8,"minecraft:andesite":10,"minecraft:torch":1,"minecraft:crafting_table":1,"minecraft:coal_ore":69,"minecraft:grass_block":3,"minecraft:oak_log":8,"minecraft:dirt":4,"minecraft:dripstone_block":1,"minecraft:copper_ore":8,"minecraft:tall_grass":1,"minecraft:stone":74},"minecraft:custom":{"minecraft:time_since_rest":24738,"minecraft:interact_with_furnace":7,"minecraft:sprint_one_cm":23343,"minecraft:damage_taken":210,"minecraft:walk_one_cm":49258,"minecraft:drop":4,"minecraft:interact_with_crafting_table":9,"minecraft:fly_one_cm":32188,"minecraft:play_time":28337,"minecraft:jump":212,"minecraft:time_since_death":28337,"minecraft:walk_on_water_one_cm":240,"minecraft:sleep_in_bed":1,"minecraft:total_world_time":28337,"minecraft:fall_one_cm":6690},"minecraft:used":{"minecraft:wooden_axe":5,"minecraft:iron_axe":4,"minecraft:lantern":1,"minecraft:stone_pickaxe":37,"minecraft:bread":5,"minecraft:iron_pickaxe":122,"minecraft:oak_planks":6,"minecraft:stone_button":1,"minecraft:wooden_pickaxe":12,"minecraft:stone_axe":1,"minecraft:torch":6,"minecraft:crafting_table":2,"minecraft:furnace":1,"alexsmobs:animal_dictionary":1},"minecraft:crafted":{"minecraft:oak_planks":32,"minecraft:iron_axe":1,"minecraft:crafting_table":1,"minecraft:stick":32,"minecraft:iron_pickaxe":1,"minecraft:iron_ingot":9,"minecraft:wooden_pickaxe":1,"minecraft:stone_pickaxe":1,"minecraft:wooden_axe":1,"minecraft:stone_sword":1,"minecraft:furnace":1,"minecraft:torch":40,"minecraft:stone_axe":1,"minecraft:bread":189,"minecraft:wheat":567},"minecraft:dropped":{"minecraft:bread":64,"alexsmobs:animal_dictionary":1,"minecraft:iron_pickaxe":2},"minecraft:picked_up":{"minecraft:crafting_table":1,"minecraft:raw_iron":8,"minecraft:andesite":125,"minecraft:dripstone_block":4,"minecraft:gravel":1,"minecraft:oak_log":8,"minecraft:stone_button":3,"minecraft:pointed_dripstone":1,"minecraft:diorite":47,"minecraft:lantern":1,"minecraft:dirt":7,"minecraft:raw_copper":85,"minecraft:granite":53,"minecraft:hay_block":63,"minecraft:iron_pickaxe":2,"minecraft:coal":71,"minecraft:cobblestone":695}},"DataVersion":3337}