{"stats":{"minecraft:killed":{"vampirism:vampire":1,"vampirism:advanced_vampire":1,"minecraft:skeleton":1,"vampirism:blinding_bat":5},"minecraft:mined":{"minecraft:tuff":19,"minecraft:sculk_vein":1,"minecraft:crafting_table":1,"minecraft:torch":2,"minecraft:grass_block":3,"minecraft:sculk_sensor":1,"minecraft:tall_grass":1,"minecraft:copper_ore":8,"minecraft:cobblestone":14,"minecraft:lapis_ore":3,"minecraft:sculk":32,"minecraft:hay_block":63,"rpgsmw:mineral_ore":3,"minecraft:iron_ore":15,"minecraft:andesite":12,"minecraft:oak_log":8,"minecraft:pointed_dripstone":8,"minecraft:coal_ore":69,"minecraft:deepslate_iron_ore":6,"minecraft:dripstone_block":3,"minecraft:dirt":4,"minecraft:stone":77,"minecraft:deepslate":34},"minecraft:custom":{"minecraft:interact_with_furnace":16,"minecraft:mob_kills":4,"minecraft:interact_with_crafting_table":13,"minecraft:damage_dealt_resisted":378,"minecraft:time_since_death":16786,"minecraft:sleep_in_bed":1,"minecraft:time_since_rest":16827,"minecraft:sprint_one_cm":76225,"minecraft:damage_taken":1478,"minecraft:walk_one_cm":186289,"minecraft:damage_blocked_by_shield":2575,"minecraft:drop":92,"minecraft:damage_dealt":1732,"minecraft:fly_one_cm":49261,"minecraft:open_chest":5,"minecraft:crouch_one_cm":981,"minecraft:play_time":64337,"tombstone:undead_killed":1,"minecraft:deaths":2,"minecraft:sneak_time":245,"minecraft:jump":585,"minecraft:walk_on_water_one_cm":240,"minecraft:total_world_time":64337,"minecraft:fall_one_cm":15471},"minecraft:used":{"minecraft:stone_sword":47,"minecraft:stone_pickaxe":37,"minecraft:oak_planks":6,"minecraft:shield":44,"minecraft:wooden_pickaxe":12,"minecraft:iron_chestplate":1,"minecraft:torch":100,"minecraft:crafting_table":2,"minecraft:wooden_axe":5,"minecraft:lantern":1,"minecraft:iron_axe":4,"minecraft:bread":16,"minecraft:iron_pickaxe":250,"minecraft:stone_button":1,"minecraft:iron_helmet":1,"minecraft:iron_boots":1,"minecraft:stone_axe":1,"minecraft:cobblestone":81,"minecraft:furnace":4,"alexsmobs:animal_dictionary":1,"minecraft:iron_leggings":1},"minecraft:killed_by":{"minecraft:creeper":1,"vampirism:vampire":1},"minecraft:crafted":{"minecraft:oak_planks":32,"minecraft:crafting_table":1,"minecraft:wooden_pickaxe":1,"minecraft:iron_helmet":1,"minecraft:furnace":4,"minecraft:stone_axe":1,"minecraft:bread":189,"minecraft:iron_boots":1,"minecraft:iron_chestplate":1,"minecraft:shield":1,"minecraft:iron_axe":1,"minecraft:stick":84,"minecraft:iron_ingot":9,"minecraft:iron_pickaxe":1,"minecraft:stone_pickaxe":1,"minecraft:wooden_axe":1,"minecraft:stone_sword":1,"minecraft:iron_leggings":1,"minecraft:torch":140,"minecraft:wheat":567},"minecraft:broken":{"minecraft:shield":1,"minecraft:iron_pickaxe":1},"minecraft:dropped":{"minecraft:gravel":1,"minecraft:bread":65,"minecraft:stone_axe":2,"alexsmobs:animal_dictionary":1,"minecraft:cobbled_deepslate":48,"rpgsmw:rawmiphrilignot":1,"minecraft:pointed_dripstone":8,"minecraft:cobblestone":267,"minecraft:granite":62,"minecraft:dirt":7,"minecraft:diorite":93,"minecraft:stone_button":2,"minecraft:torch":36,"minecraft:andesite":64,"minecraft:iron_pickaxe":2},"minecraft:picked_up":{"minecraft:crafting_table":1,"vampirism:vampire_blood_bottle":1,"minecraft:andesite":125,"minecraft:tuff":18,"minecraft:oak_log":8,"minecraft:lapis_lazuli":21,"minecraft:dirt":7,"minecraft:lantern":1,"minecraft:raw_copper":122,"minecraft:cobbled_deepslate":92,"minecraft:spruce_planks":26,"rpgsmw:rawmiphrilignot":1,"rpgsmw:redarium":3,"minecraft:iron_pickaxe":2,"minecraft:raw_iron":19,"minecraft:torch":2,"minecraft:gravel":1,"minecraft:dripstone_block":7,"tombstone:grave_dust":1,"vampirism:vampire_fang":1,"minecraft:stone_button":3,"minecraft:pointed_dripstone":13,"minecraft:diorite":93,"minecraft:arrow":2,"vampirism:blood_bottle":1,"minecraft:stone_axe":1,"minecraft:hay_block":63,"minecraft:granite":62,"minecraft:bread":1,"minecraft:coal":71,"minecraft:cobblestone":784}},"DataVersion":3337}