{"stats":{"minecraft:killed":{"vampirism:advanced_vampire":1,"vampirism:blinding_bat":4},"minecraft:mined":{"minecraft:crafting_table":1,"minecraft:torch":2,"minecraft:grass_block":3,"minecraft:tall_grass":1,"minecraft:copper_ore":8,"minecraft:cobblestone":4,"minecraft:lapis_ore":3,"minecraft:sculk":1,"minecraft:hay_block":63,"minecraft:iron_ore":15,"minecraft:andesite":12,"minecraft:oak_log":8,"minecraft:pointed_dripstone":3,"minecraft:coal_ore":69,"minecraft:deepslate_iron_ore":6,"minecraft:dripstone_block":1,"minecraft:dirt":4,"minecraft:stone":77,"minecraft:deepslate":7},"minecraft:custom":{"minecraft:interact_with_furnace":16,"minecraft:interact_with_crafting_table":13,"minecraft:damage_dealt_resisted":138,"minecraft:time_since_death":4786,"minecraft:sleep_in_bed":1,"minecraft:time_since_rest":4827,"minecraft:sprint_one_cm":52825,"minecraft:damage_taken":1161,"minecraft:walk_one_cm":141674,"minecraft:damage_blocked_by_shield":1300,"minecraft:drop":92,"minecraft:damage_dealt":843,"minecraft:fly_one_cm":45117,"minecraft:open_chest":5,"minecraft:crouch_one_cm":639,"minecraft:play_time":52337,"minecraft:deaths":2,"minecraft:sneak_time":130,"minecraft:jump":460,"minecraft:walk_on_water_one_cm":240,"minecraft:total_world_time":52337,"minecraft:fall_one_cm":12763},"minecraft:used":{"minecraft:stone_sword":22,"minecraft:stone_pickaxe":37,"minecraft:oak_planks":6,"minecraft:shield":24,"minecraft:wooden_pickaxe":12,"minecraft:iron_chestplate":1,"minecraft:torch":58,"minecraft:crafting_table":2,"minecraft:wooden_axe":5,"minecraft:lantern":1,"minecraft:iron_axe":4,"minecraft:bread":10,"minecraft:iron_pickaxe":159,"minecraft:stone_button":1,"minecraft:iron_helmet":1,"minecraft:iron_boots":1,"minecraft:stone_axe":1,"minecraft:cobblestone":63,"minecraft:furnace":4,"alexsmobs:animal_dictionary":1,"minecraft:iron_leggings":1},"minecraft:killed_by":{"minecraft:creeper":1,"vampirism:vampire":1},"minecraft:crafted":{"minecraft:oak_planks":32,"minecraft:crafting_table":1,"minecraft:wooden_pickaxe":1,"minecraft:iron_helmet":1,"minecraft:furnace":4,"minecraft:stone_axe":1,"minecraft:bread":189,"minecraft:iron_boots":1,"minecraft:iron_chestplate":1,"minecraft:shield":1,"minecraft:iron_axe":1,"minecraft:stick":84,"minecraft:iron_ingot":9,"minecraft:iron_pickaxe":1,"minecraft:stone_pickaxe":1,"minecraft:wooden_axe":1,"minecraft:stone_sword":1,"minecraft:iron_leggings":1,"minecraft:torch":140,"minecraft:wheat":567},"minecraft:dropped":{"minecraft:gravel":1,"minecraft:bread":65,"minecraft:stone_axe":2,"alexsmobs:animal_dictionary":1,"minecraft:cobbled_deepslate":48,"rpgsmw:rawmiphrilignot":1,"minecraft:pointed_dripstone":8,"minecraft:cobblestone":267,"minecraft:granite":62,"minecraft:dirt":7,"minecraft:diorite":93,"minecraft:stone_button":2,"minecraft:torch":36,"minecraft:andesite":64,"minecraft:iron_pickaxe":2},"minecraft:picked_up":{"minecraft:crafting_table":1,"vampirism:vampire_blood_bottle":1,"minecraft:andesite":125,"minecraft:oak_log":8,"minecraft:lapis_lazuli":21,"minecraft:dirt":7,"minecraft:lantern":1,"minecraft:raw_copper":122,"minecraft:cobbled_deepslate":70,"minecraft:spruce_planks":26,"rpgsmw:rawmiphrilignot":1,"minecraft:iron_pickaxe":2,"minecraft:raw_iron":19,"minecraft:torch":1,"minecraft:gravel":1,"minecraft:dripstone_block":5,"minecraft:stone_button":3,"minecraft:pointed_dripstone":8,"minecraft:diorite":93,"vampirism:blood_bottle":1,"minecraft:stone_axe":1,"minecraft:hay_block":63,"minecraft:granite":62,"minecraft:bread":1,"minecraft:coal":71,"minecraft:cobblestone":779}},"DataVersion":3337}