{"stats":{"minecraft:broken":{"easy_hammers:iron_hammer":1,"rpgsmw:steel_berserk_armor_helmet":1,"rpgsmw:steel_berserk_armor_leggings":1,"rpgsmw:steel_berserk_armor_chestplate":1,"minecraft:shield":1,"minecraft:iron_axe":1,"minecraft:iron_pickaxe":1,"rpgsmw:steel_berserk_armor_boots":1},"minecraft:picked_up":{"minecraft:iron_chestplate":1,"minecraft:anvil":2,"minecraft:flower_pot":1,"minecraft:stone_slab":7,"rpgsmw:steel_battle_hammer":1,"tombstone:grave_key":2,"minecraft:string":5,"minecraft:raw_copper":127,"minecraft:iron_leggings":1,"minecraft:sticky_piston":1,"minecraft:cobbled_deepslate":96,"minecraft:spruce_planks":37,"rpgsmw:rawmiphrilignot":1,"rpgsmw:redarium":3,"minecraft:cobblestone_slab":3,"minecraft:iron_pickaxe":2,"evilcraft:blood_extractor":1,"minecraft:stick":9,"minecraft:torch":20,"minecraft:diorite":102,"tombstone:grave_dust":12,"minecraft:pointed_dripstone":30,"vampirism:vampire_fang":1,"rpgsmw:steel_berserk_armor_boots":1,"majruszsaccessories:dream_catcher":1,"vampirism:blood_bottle":1,"minecraft:rotten_flesh":28,"rpgsmw:steel_berserk_armor_chestplate":1,"minecraft:cobblestone":916,"minecraft:feather":3,"minecraft:andesite":125,"minecraft:black_bed":2,"minecraft:tuff":30,"minecraft:dirt":23,"alexsmobs:rocky_shell":1,"minecraft:lapis_lazuli":64,"minecraft:lantern":1,"minecraft:bone":1,"minecraft:wheat_seeds":3,"rpgsmw:steel_berserk_armor_helmet":1,"minecraft:oak_planks":15,"minecraft:mossy_cobblestone":1,"minecraft:dark_oak_log":207,"minecraft:bundle":1,"minecraft:diamond":2,"minecraft:slime_block":9,"waystones:waystone":1,"minecraft:granite":62,"minecraft:emerald":18,"minecraft:bread":1,"minecraft:dark_oak_fence":1,"minecraft:crafting_table":1,"minecraft:chicken":6,"minecraft:red_bed":2,"evilcraft:poison_sac":1,"minecraft:iron_axe":4,"minecraft:netherite_scrap":2,"minecraft:white_carpet":5,"minecraft:birch_fence":6,"minecraft:mossy_cobblestone_wall":2,"minecraft:oak_boat":1,"minecraft:spruce_trapdoor":7,"minecraft:dark_oak_sapling":9,"minecraft:raw_iron":43,"minecraft:spruce_fence":11,"minecraft:stone_button":3,"minecraft:carrot":2,"minecraft:stone_pressure_plate":3,"minecraft:dark_oak_planks":29,"minecraft:tnt":1,"minecraft:arrow":12,"minecraft:hay_block":63,"minecraft:totem_of_undying":1,"minecraft:saddle":1,"minecraft:gold_ingot":29,"minecraft:mutton":9,"minecraft:rail":3,"minecraft:white_wool":6,"vampirism:vampire_blood_bottle":1,"minecraft:red_mushroom":18,"rpgsmw:steel_berserk_armor_leggings":1,"minecraft:birch_planks":1,"minecraft:oak_log":13,"minecraft:gunpowder":5,"minecraft:cobblestone_wall":2,"easy_hammers:iron_hammer":1,"tombstone:gift":2,"minecraft:red_carpet":1,"minecraft:apple":3,"minecraft:spruce_wood":1,"minecraft:iron_ingot":18,"travelersbackpack:blank_upgrade":2,"minecraft:dark_oak_stairs":1,"minecraft:book":48,"rpgsmw:steel_gauntlet":1,"minecraft:dark_oak_slab":1,"minecraft:dripstone_block":10,"minecraft:gravel":1,"minecraft:white_bed":1,"minecraft:spruce_log":3,"minecraft:spider_eye":1,"travelersbackpack:standard":1,"minecraft:slime_ball":23,"minecraft:stone_axe":1,"minecraft:painting":1,"minecraft:coal":131},"minecraft:custom":{"minecraft:interact_with_crafting_table":22,"minecraft:open_barrel":14,"minecraft:leave_game":4,"minecraft:time_since_death":38839,"minecraft:damage_resisted":1516,"minecraft:sprint_one_cm":498397,"minecraft:damage_blocked_by_shield":2955,"minecraft:drop":188,"minecraft:play_time":326722,"minecraft:deaths":37,"minecraft:jump":3266,"minecraft:walk_on_water_one_cm":42694,"minecraft:interact_with_furnace":30,"minecraft:sleep_in_bed":9,"minecraft:damage_dealt":24109,"minecraft:player_kills":1,"minecraft:crouch_one_cm":1031,"tombstone:undead_killed":46,"minecraft:inspect_dispenser":1,"minecraft:interact_with_smithing_table":1,"minecraft:mob_kills":123,"minecraft:damage_dealt_resisted":378,"minecraft:climb_one_cm":4661,"minecraft:walk_one_cm":920161,"minecraft:damage_dealt_absorbed":80,"minecraft:sneak_time":1457,"minecraft:walk_under_water_one_cm":74836,"minecraft:boat_one_cm":175416,"minecraft:interact_with_blast_furnace":3,"minecraft:total_world_time":326722,"tombstone:raider_killed":28,"minecraft:time_since_rest":85,"minecraft:damage_taken":17947,"minecraft:damage_absorbed":240,"minecraft:swim_one_cm":24699,"minecraft:fly_one_cm":348688,"minecraft:open_chest":63,"minecraft:fall_one_cm":87773},"minecraft:killed_by":{"minecraft:creeper":2,"minecraft:ravager":2,"minecraft:vindicator":3,"minecraft:zombie":3,"vampirism:vampire":1,"minecraft:vex":3,"minecraft:illusioner":15,"minecraft:husk":1,"minecraft:player":1,"mca:female_zombie_villager":1,"minecraft:stray":1,"majruszsdifficulty:creeperling":1,"minecraft:skeleton":1,"mca:male_zombie_villager":1},"minecraft:dropped":{"minecraft:diamond":2,"minecraft:dark_oak_sapling":1,"minecraft:emerald":11,"minecraft:dirt":9,"minecraft:birch_fence":1,"minecraft:netherite_scrap":2,"minecraft:stone_button":2,"minecraft:dark_oak_fence":1,"minecraft:iron_pickaxe":2,"minecraft:gold_ingot":35,"minecraft:gravel":1,"minecraft:stone_axe":2,"minecraft:cobbled_deepslate":72,"alexsmobs:animal_dictionary":1,"minecraft:pointed_dripstone":30,"endrem:rogue_eye":1,"minecraft:rotten_flesh":9,"vampirism:blood_bottle":1,"evilcraft:poison_sac":1,"minecraft:carrot":1,"evilcraft:flesh_humanoid":1,"minecraft:gunpowder":9,"vampirism:vampire_fang":1,"minecraft:spruce_wood":1,"minecraft:painting":1,"minecraft:arrow":4,"minecraft:enchanted_book":1,"minecraft:iron_ingot":5,"minecraft:bread":87,"minecraft:wheat_seeds":2,"minecraft:dripstone_block":6,"minecraft:iron_helmet":1,"minecraft:cobblestone":331,"minecraft:apple":1,"minecraft:granite":62,"minecraft:coal":6,"minecraft:diorite":102,"minecraft:torch":36,"tombstone:grave_key":2,"tombstone:grave_dust":8,"minecraft:iron_leggings":1,"minecraft:iron_axe":5,"minecraft:string":5,"tombstone:voodoo_poppet":1,"minecraft:raw_copper":5,"rpgsmw:rawmiphrilignot":1,"minecraft:sticky_piston":1,"minecraft:white_carpet":4,"minecraft:iron_boots":1,"minecraft:spruce_fence":11,"minecraft:spruce_trapdoor":7,"minecraft:spruce_planks":3,"minecraft:iron_chestplate":1,"minecraft:andesite":64,"minecraft:stone_pressure_plate":3,"minecraft:spider_eye":1,"minecraft:slime_ball":10,"minecraft:stone_pickaxe":1},"minecraft:used":{"minecraft:shield":65,"minecraft:iron_sword":185,"minecraft:iron_chestplate":1,"minecraft:carrot":2,"minecraft:lantern":3,"minecraft:iron_helmet":1,"minecraft:dark_oak_slab":1,"minecraft:furnace":5,"minecraft:stone_pickaxe":40,"minecraft:oak_planks":6,"minecraft:wooden_pickaxe":12,"minecraft:crossbow":28,"rpgsmw:steel_battle_hammer":83,"minecraft:black_bed":2,"rpgsmw:steel_gauntlet":47,"minecraft:birch_fence":1,"minecraft:bread":111,"minecraft:stone_button":1,"minecraft:smithing_table":1,"minecraft:oak_boat":1,"minecraft:stone_sword":84,"minecraft:spruce_planks":5,"minecraft:torch":153,"minecraft:dirt":12,"minecraft:white_carpet":1,"minecraft:wooden_axe":5,"minecraft:dark_oak_planks":6,"minecraft:iron_axe":246,"easy_hammers:iron_hammer":27,"minecraft:iron_boots":1,"minecraft:totem_of_undying":3,"minecraft:goat_horn":5,"tombstone:gift":7,"minecraft:cooked_beef":13,"minecraft:iron_leggings":1,"minecraft:water_bucket":3,"minecraft:rail":3,"minecraft:crafting_table":4,"minecraft:red_bed":2,"minecraft:white_bed":1,"minecraft:diamond_pickaxe":14,"minecraft:chicken":4,"minecraft:iron_pickaxe":367,"minecraft:stone_slab":6,"minecraft:stone_axe":1,"minecraft:cobblestone":278,"travelersbackpack:standard":2,"minecraft:bucket":2,"alexsmobs:animal_dictionary":1},"minecraft:killed":{"vampirism:vampire":2,"minecraft:cave_spider":1,"vampirism:advanced_vampire":1,"minecraft:spider":2,"minecraft:skeleton":11,"vampirism:blinding_bat":5,"minecraft:chicken":4,"minecraft:iron_golem":1,"minecraft:creeper":2,"minecraft:sheep":1,"minecraft:pillager":15,"minecraft:zombie":26,"minecraft:stray":2,"alexsmobs:fly":1,"mca:female_zombie_villager":1,"minecraft:evoker":2,"minecraft:vex":2,"mca:male_zombie_villager":3,"alexsmobs:raccoon":1,"minecraft:vindicator":10,"minecraft:slime":23,"minecraft:drowned":1,"minecraft:husk":2,"minecraft:ravager":1},"minecraft:crafted":{"minecraft:oak_planks":52,"minecraft:iron_boots":1,"travelersbackpack:iron_tier_upgrade":1,"minecraft:crafting_table":3,"minecraft:wooden_pickaxe":1,"minecraft:iron_helmet":1,"travelersbackpack:standard":2,"minecraft:smithing_table":1,"minecraft:copper_ingot":64,"minecraft:iron_chestplate":1,"minecraft:shield":1,"minecraft:stick":124,"minecraft:iron_pickaxe":2,"minecraft:iron_ingot":18,"minecraft:stone_sword":1,"minecraft:furnace":5,"travelersbackpack:gold_tier_upgrade":1,"minecraft:iron_axe":2,"minecraft:slime_ball":90,"minecraft:stone_pickaxe":1,"minecraft:dark_oak_planks":4,"minecraft:wheat":567,"minecraft:cooked_beef":13,"minecraft:stone_axe":1,"minecraft:bread":189,"minecraft:wooden_axe":1,"minecraft:iron_leggings":1,"minecraft:torch":164},"minecraft:mined":{"minecraft:dark_oak_planks":38,"minecraft:spruce_planks":6,"minecraft:white_bed":1,"minecraft:sculk_vein":3,"minecraft:spruce_trapdoor":7,"minecraft:grass_block":10,"minecraft:spawner":1,"minecraft:iron_ore":26,"minecraft:sticky_piston":1,"minecraft:anvil":2,"minecraft:dark_oak_stairs":1,"minecraft:pointed_dripstone":17,"minecraft:iron_bars":1,"minecraft:spruce_wood":3,"minecraft:red_bed":2,"minecraft:torch":13,"minecraft:mossy_cobblestone_wall":3,"minecraft:mushroom_stem":15,"minecraft:slime_block":5,"minecraft:cobblestone":23,"minecraft:oak_planks":16,"minecraft:wall_torch":7,"minecraft:dark_oak_slab":1,"minecraft:jukebox":3,"minecraft:black_bed":2,"minecraft:wither_rose":3,"minecraft:grass":15,"minecraft:oak_log":8,"minecraft:dark_oak_sapling":5,"minecraft:sand":1,"minecraft:dirt":11,"minecraft:red_mushroom_block":82,"minecraft:oak_leaves":1,"minecraft:deepslate":45,"minecraft:tuff":31,"minecraft:mossy_cobblestone":1,"minecraft:dark_oak_leaves":12,"minecraft:deepslate_diamond_ore":2,"minecraft:dark_oak_log":1,"minecraft:dark_oak_fence":1,"minecraft:purple_terracotta":1,"minecraft:spruce_fence":12,"minecraft:hay_block":63,"minecraft:oak_trapdoor":2,"minecraft:andesite":12,"minecraft:bookshelf":25,"minecraft:cobblestone_slab":3,"minecraft:deepslate_iron_ore":6,"minecraft:rail":3,"minecraft:stone":125,"minecraft:birch_pressure_plate":1,"minecraft:glass_pane":2,"minecraft:crafting_table":1,"minecraft:sculk_sensor":1,"minecraft:stone_slab":10,"minecraft:tall_grass":1,"minecraft:copper_ore":8,"minecraft:lapis_ore":9,"minecraft:sculk":33,"minecraft:diorite":2,"minecraft:spruce_stairs":1,"minecraft:birch_planks":1,"minecraft:cobblestone_wall":2,"rpgsmw:mineral_ore":3,"minecraft:white_carpet":4,"minecraft:spruce_log":1,"minecraft:coal_ore":90,"minecraft:dripstone_block":4,"minecraft:cracked_stone_bricks":2,"minecraft:mossy_stone_bricks":1,"minecraft:birch_fence":4}},"DataVersion":3337}