{"stats":{"minecraft:killed":{"vampirism:vampire":2,"minecraft:cave_spider":1,"mca:male_zombie_villager":1,"vampirism:advanced_vampire":1,"alexsmobs:raccoon":1,"minecraft:vindicator":1,"minecraft:spider":2,"minecraft:skeleton":1,"vampirism:blinding_bat":5,"minecraft:chicken":1,"minecraft:husk":1,"minecraft:creeper":2,"minecraft:sheep":1,"minecraft:pillager":4,"minecraft:zombie":4},"minecraft:custom":{"minecraft:mob_kills":26,"minecraft:interact_with_crafting_table":16,"minecraft:open_barrel":11,"minecraft:damage_dealt_resisted":378,"minecraft:time_since_death":60737,"minecraft:climb_one_cm":440,"minecraft:damage_resisted":245,"minecraft:sprint_one_cm":203689,"minecraft:walk_one_cm":413916,"minecraft:damage_blocked_by_shield":2575,"minecraft:drop":121,"minecraft:play_time":160337,"minecraft:deaths":5,"minecraft:sneak_time":497,"minecraft:walk_under_water_one_cm":13179,"minecraft:boat_one_cm":175416,"minecraft:jump":1886,"minecraft:interact_with_blast_furnace":3,"minecraft:walk_on_water_one_cm":21056,"minecraft:total_world_time":160337,"minecraft:interact_with_furnace":26,"tombstone:raider_killed":5,"minecraft:sleep_in_bed":3,"minecraft:time_since_rest":9839,"minecraft:damage_taken":4403,"minecraft:damage_dealt":5570,"minecraft:swim_one_cm":21844,"minecraft:fly_one_cm":164909,"minecraft:open_chest":21,"minecraft:crouch_one_cm":1031,"tombstone:undead_killed":7,"minecraft:fall_one_cm":50280,"minecraft:inspect_dispenser":1},"minecraft:mined":{"minecraft:tuff":31,"minecraft:deepslate_diamond_ore":2,"minecraft:sculk_vein":3,"minecraft:purple_terracotta":1,"minecraft:grass_block":3,"minecraft:hay_block":63,"minecraft:iron_ore":26,"minecraft:andesite":12,"minecraft:pointed_dripstone":17,"minecraft:deepslate_iron_ore":6,"minecraft:rail":3,"minecraft:stone":124,"minecraft:red_bed":2,"minecraft:crafting_table":1,"minecraft:torch":12,"minecraft:sculk_sensor":1,"minecraft:stone_slab":1,"minecraft:copper_ore":8,"minecraft:tall_grass":1,"minecraft:cobblestone":19,"minecraft:lapis_ore":9,"minecraft:oak_planks":16,"minecraft:sculk":33,"minecraft:diorite":2,"minecraft:wall_torch":5,"rpgsmw:mineral_ore":3,"minecraft:grass":2,"minecraft:coal_ore":90,"minecraft:oak_log":8,"minecraft:dripstone_block":4,"minecraft:dirt":7,"minecraft:deepslate":45},"minecraft:used":{"minecraft:stone_sword":84,"minecraft:spruce_planks":1,"minecraft:shield":44,"minecraft:iron_sword":23,"minecraft:iron_chestplate":1,"minecraft:torch":136,"minecraft:dirt":2,"minecraft:wooden_axe":5,"minecraft:iron_axe":22,"minecraft:lantern":1,"easy_hammers:iron_hammer":27,"minecraft:iron_helmet":1,"minecraft:iron_boots":1,"minecraft:goat_horn":5,"minecraft:furnace":5,"minecraft:iron_leggings":1,"minecraft:stone_pickaxe":40,"minecraft:oak_planks":6,"minecraft:wooden_pickaxe":12,"minecraft:rail":3,"minecraft:crafting_table":3,"minecraft:red_bed":2,"rpgsmw:steel_battle_hammer":13,"rpgsmw:steel_gauntlet":4,"minecraft:bread":58,"minecraft:stone_button":1,"minecraft:iron_pickaxe":349,"minecraft:stone_axe":1,"minecraft:cobblestone":197,"minecraft:oak_boat":1,"alexsmobs:animal_dictionary":1},"minecraft:killed_by":{"minecraft:husk":1,"minecraft:creeper":2,"majruszsdifficulty:creeperling":1,"vampirism:vampire":1},"minecraft:crafted":{"minecraft:oak_planks":32,"minecraft:furnace":5,"minecraft:iron_boots":1,"minecraft:iron_axe":1,"minecraft:stone_pickaxe":1,"minecraft:wheat":567,"minecraft:crafting_table":2,"minecraft:wooden_pickaxe":1,"minecraft:iron_helmet":1,"minecraft:copper_ingot":64,"minecraft:stone_axe":1,"minecraft:bread":189,"minecraft:iron_chestplate":1,"minecraft:shield":1,"minecraft:stick":84,"minecraft:iron_ingot":18,"minecraft:iron_pickaxe":2,"minecraft:wooden_axe":1,"minecraft:stone_sword":1,"minecraft:iron_leggings":1,"minecraft:torch":160},"minecraft:broken":{"minecraft:shield":1,"easy_hammers:iron_hammer":1,"minecraft:iron_pickaxe":1},"minecraft:dropped":{"minecraft:enchanted_book":1,"minecraft:bread":65,"minecraft:diamond":2,"minecraft:dripstone_block":6,"minecraft:iron_helmet":1,"minecraft:cobblestone":331,"minecraft:granite":62,"minecraft:coal":6,"minecraft:dirt":8,"minecraft:diorite":102,"minecraft:stone_button":2,"minecraft:torch":36,"tombstone:grave_dust":1,"minecraft:iron_leggings":1,"minecraft:iron_axe":1,"minecraft:iron_pickaxe":2,"minecraft:string":5,"tombstone:voodoo_poppet":1,"minecraft:gold_ingot":14,"minecraft:gravel":1,"minecraft:stone_axe":2,"minecraft:cobbled_deepslate":72,"alexsmobs:animal_dictionary":1,"minecraft:raw_copper":5,"rpgsmw:rawmiphrilignot":1,"endrem:rogue_eye":1,"minecraft:pointed_dripstone":30,"minecraft:rotten_flesh":5,"minecraft:iron_boots":1,"vampirism:blood_bottle":1,"minecraft:gunpowder":9,"vampirism:vampire_fang":1,"minecraft:iron_chestplate":1,"minecraft:andesite":64,"minecraft:spider_eye":1,"minecraft:arrow":2,"minecraft:stone_pickaxe":1},"minecraft:picked_up":{"minecraft:crafting_table":1,"minecraft:chicken":2,"rpgsmw:steel_battle_hammer":1,"minecraft:string":5,"minecraft:red_bed":2,"minecraft:raw_copper":127,"minecraft:cobbled_deepslate":96,"minecraft:spruce_planks":27,"rpgsmw:rawmiphrilignot":1,"rpgsmw:redarium":3,"minecraft:oak_boat":1,"minecraft:iron_pickaxe":2,"evilcraft:blood_extractor":1,"minecraft:raw_iron":43,"minecraft:torch":17,"minecraft:diorite":102,"minecraft:pointed_dripstone":30,"minecraft:stone_button":3,"tombstone:grave_dust":1,"vampirism:vampire_fang":1,"rpgsmw:steel_berserk_armor_boots":1,"vampirism:blood_bottle":1,"minecraft:arrow":2,"minecraft:rotten_flesh":12,"minecraft:hay_block":63,"rpgsmw:steel_berserk_armor_chestplate":1,"minecraft:mutton":9,"minecraft:white_wool":6,"minecraft:rail":3,"minecraft:cobblestone":913,"minecraft:feather":2,"vampirism:vampire_blood_bottle":1,"minecraft:andesite":125,"rpgsmw:steel_berserk_armor_leggings":1,"minecraft:tuff":30,"minecraft:oak_log":8,"minecraft:gunpowder":5,"alexsmobs:rocky_shell":1,"easy_hammers:iron_hammer":1,"minecraft:lapis_lazuli":64,"minecraft:dirt":12,"minecraft:lantern":1,"minecraft:wheat_seeds":1,"rpgsmw:steel_berserk_armor_helmet":1,"minecraft:oak_planks":15,"rpgsmw:steel_gauntlet":1,"minecraft:dripstone_block":10,"minecraft:gravel":1,"minecraft:spider_eye":1,"minecraft:diamond":2,"minecraft:stone_axe":1,"waystones:waystone":1,"minecraft:granite":62,"minecraft:emerald":2,"minecraft:bread":1,"minecraft:coal":131}},"DataVersion":3337}