{"stats":{"minecraft:mined":{"minecraft:hay_block":13},"minecraft:custom":{"minecraft:jump":61,"minecraft:time_since_rest":738,"minecraft:sprint_one_cm":8663,"minecraft:play_time":4337,"minecraft:damage_taken":30,"minecraft:time_since_death":4337,"minecraft:walk_one_cm":10225,"minecraft:sleep_in_bed":1,"minecraft:total_world_time":4337,"minecraft:fall_one_cm":2287,"minecraft:drop":1,"minecraft:fly_one_cm":23610},"minecraft:used":{"alexsmobs:animal_dictionary":1},"minecraft:dropped":{"alexsmobs:animal_dictionary":1},"minecraft:picked_up":{"minecraft:hay_block":13,"minecraft:lantern":1}},"DataVersion":3337}