{"stats":{"minecraft:killed":{"vampirism:vampire":2,"minecraft:cave_spider":1,"mca:male_zombie_villager":1,"vampirism:advanced_vampire":1,"minecraft:spider":2,"minecraft:skeleton":1,"vampirism:blinding_bat":5,"minecraft:chicken":1,"minecraft:husk":1,"minecraft:sheep":1,"minecraft:pillager":2,"minecraft:zombie":1},"minecraft:custom":{"minecraft:mob_kills":17,"minecraft:interact_with_crafting_table":16,"minecraft:damage_dealt_resisted":378,"minecraft:time_since_death":36737,"minecraft:damage_resisted":196,"minecraft:sprint_one_cm":169930,"minecraft:walk_one_cm":378011,"minecraft:damage_blocked_by_shield":2575,"minecraft:drop":115,"minecraft:play_time":136337,"minecraft:deaths":5,"minecraft:sneak_time":245,"minecraft:walk_under_water_one_cm":6964,"minecraft:jump":1684,"minecraft:interact_with_blast_furnace":3,"minecraft:walk_on_water_one_cm":16382,"minecraft:total_world_time":136337,"minecraft:interact_with_furnace":26,"tombstone:raider_killed":2,"minecraft:sleep_in_bed":1,"minecraft:time_since_rest":36820,"minecraft:damage_taken":3873,"minecraft:damage_dealt":3654,"minecraft:swim_one_cm":18734,"minecraft:fly_one_cm":132007,"minecraft:open_chest":11,"minecraft:crouch_one_cm":981,"tombstone:undead_killed":4,"minecraft:fall_one_cm":42898},"minecraft:mined":{"minecraft:tuff":31,"minecraft:deepslate_diamond_ore":2,"minecraft:sculk_vein":3,"minecraft:grass_block":3,"minecraft:hay_block":63,"minecraft:iron_ore":26,"minecraft:andesite":12,"minecraft:pointed_dripstone":17,"minecraft:deepslate_iron_ore":6,"minecraft:rail":3,"minecraft:stone":124,"minecraft:crafting_table":1,"minecraft:torch":12,"minecraft:sculk_sensor":1,"minecraft:copper_ore":8,"minecraft:tall_grass":1,"minecraft:cobblestone":18,"minecraft:lapis_ore":9,"minecraft:oak_planks":16,"minecraft:sculk":33,"minecraft:diorite":2,"minecraft:wall_torch":5,"rpgsmw:mineral_ore":3,"minecraft:coal_ore":90,"minecraft:oak_log":8,"minecraft:dripstone_block":4,"minecraft:dirt":7,"minecraft:deepslate":45},"minecraft:used":{"minecraft:stone_sword":78,"minecraft:shield":44,"minecraft:iron_chestplate":1,"minecraft:torch":135,"minecraft:dirt":2,"minecraft:wooden_axe":5,"minecraft:iron_axe":22,"minecraft:lantern":1,"easy_hammers:iron_hammer":27,"minecraft:iron_helmet":1,"minecraft:iron_boots":1,"minecraft:goat_horn":3,"minecraft:furnace":5,"minecraft:iron_leggings":1,"minecraft:stone_pickaxe":40,"minecraft:oak_planks":6,"minecraft:wooden_pickaxe":12,"minecraft:rail":3,"minecraft:crafting_table":3,"rpgsmw:steel_battle_hammer":12,"minecraft:bread":47,"minecraft:stone_button":1,"minecraft:iron_pickaxe":346,"minecraft:stone_axe":1,"minecraft:cobblestone":170,"alexsmobs:animal_dictionary":1},"minecraft:killed_by":{"minecraft:husk":1,"minecraft:creeper":2,"majruszsdifficulty:creeperling":1,"vampirism:vampire":1},"minecraft:crafted":{"minecraft:oak_planks":32,"minecraft:furnace":5,"minecraft:iron_boots":1,"minecraft:iron_axe":1,"minecraft:stone_pickaxe":1,"minecraft:wheat":567,"minecraft:crafting_table":2,"minecraft:wooden_pickaxe":1,"minecraft:iron_helmet":1,"minecraft:copper_ingot":64,"minecraft:stone_axe":1,"minecraft:bread":189,"minecraft:iron_chestplate":1,"minecraft:shield":1,"minecraft:stick":84,"minecraft:iron_ingot":18,"minecraft:iron_pickaxe":2,"minecraft:wooden_axe":1,"minecraft:stone_sword":1,"minecraft:iron_leggings":1,"minecraft:torch":160},"minecraft:broken":{"minecraft:shield":1,"easy_hammers:iron_hammer":1,"minecraft:iron_pickaxe":1},"minecraft:dropped":{"minecraft:bread":65,"minecraft:dripstone_block":6,"minecraft:iron_helmet":1,"minecraft:cobblestone":331,"minecraft:granite":62,"minecraft:coal":6,"minecraft:dirt":8,"minecraft:diorite":102,"minecraft:stone_button":2,"minecraft:torch":36,"tombstone:grave_dust":1,"minecraft:iron_leggings":1,"minecraft:iron_axe":1,"minecraft:iron_pickaxe":2,"minecraft:string":5,"minecraft:gravel":1,"minecraft:stone_axe":2,"minecraft:cobbled_deepslate":72,"alexsmobs:animal_dictionary":1,"minecraft:raw_copper":5,"rpgsmw:rawmiphrilignot":1,"minecraft:pointed_dripstone":30,"minecraft:rotten_flesh":5,"minecraft:iron_boots":1,"vampirism:blood_bottle":1,"vampirism:vampire_fang":1,"minecraft:iron_chestplate":1,"minecraft:andesite":64,"minecraft:spider_eye":1,"minecraft:arrow":2,"minecraft:stone_pickaxe":1},"minecraft:picked_up":{"minecraft:crafting_table":1,"minecraft:chicken":2,"rpgsmw:steel_battle_hammer":1,"minecraft:string":5,"minecraft:raw_copper":127,"minecraft:cobbled_deepslate":96,"minecraft:spruce_planks":26,"rpgsmw:rawmiphrilignot":1,"rpgsmw:redarium":3,"minecraft:iron_pickaxe":2,"evilcraft:blood_extractor":1,"minecraft:raw_iron":43,"minecraft:torch":17,"minecraft:diorite":102,"minecraft:pointed_dripstone":30,"minecraft:stone_button":3,"tombstone:grave_dust":1,"vampirism:vampire_fang":1,"rpgsmw:steel_berserk_armor_boots":1,"vampirism:blood_bottle":1,"minecraft:arrow":2,"minecraft:rotten_flesh":5,"minecraft:hay_block":63,"rpgsmw:steel_berserk_armor_chestplate":1,"minecraft:mutton":9,"minecraft:white_wool":6,"minecraft:rail":3,"minecraft:cobblestone":912,"minecraft:feather":2,"vampirism:vampire_blood_bottle":1,"minecraft:andesite":125,"rpgsmw:steel_berserk_armor_leggings":1,"minecraft:tuff":30,"minecraft:oak_log":8,"alexsmobs:rocky_shell":1,"easy_hammers:iron_hammer":1,"minecraft:lapis_lazuli":64,"minecraft:dirt":12,"minecraft:lantern":1,"rpgsmw:steel_berserk_armor_helmet":1,"minecraft:oak_planks":15,"rpgsmw:steel_gauntlet":1,"minecraft:dripstone_block":10,"minecraft:gravel":1,"minecraft:spider_eye":1,"minecraft:diamond":2,"minecraft:stone_axe":1,"waystones:waystone":1,"minecraft:granite":62,"minecraft:bread":1,"minecraft:coal":131}},"DataVersion":3337}