{"stats":{"minecraft:killed":{"mca:female_zombie_villager":1,"minecraft:evoker":1,"vampirism:vampire":2,"minecraft:vex":1,"minecraft:cave_spider":1,"mca:male_zombie_villager":3,"vampirism:advanced_vampire":1,"alexsmobs:raccoon":1,"minecraft:vindicator":5,"minecraft:spider":2,"minecraft:slime":23,"minecraft:skeleton":2,"vampirism:blinding_bat":5,"minecraft:chicken":1,"minecraft:husk":2,"minecraft:ravager":1,"minecraft:creeper":2,"minecraft:sheep":1,"minecraft:pillager":11,"minecraft:zombie":15},"minecraft:custom":{"minecraft:mob_kills":82,"minecraft:interact_with_crafting_table":16,"minecraft:open_barrel":13,"minecraft:damage_dealt_resisted":378,"minecraft:time_since_death":4565,"minecraft:climb_one_cm":1080,"minecraft:damage_resisted":686,"minecraft:sprint_one_cm":296857,"minecraft:walk_one_cm":577644,"minecraft:damage_blocked_by_shield":2575,"minecraft:drop":139,"minecraft:damage_dealt_absorbed":80,"minecraft:play_time":208337,"minecraft:deaths":11,"minecraft:sneak_time":825,"minecraft:walk_under_water_one_cm":23677,"minecraft:boat_one_cm":175416,"minecraft:jump":2253,"minecraft:interact_with_blast_furnace":3,"minecraft:walk_on_water_one_cm":23571,"minecraft:total_world_time":208337,"minecraft:interact_with_furnace":26,"tombstone:raider_killed":18,"minecraft:sleep_in_bed":3,"minecraft:time_since_rest":4591,"minecraft:damage_taken":7522,"minecraft:damage_absorbed":80,"minecraft:damage_dealt":11857,"minecraft:swim_one_cm":21844,"minecraft:fly_one_cm":229792,"minecraft:open_chest":32,"minecraft:crouch_one_cm":1031,"tombstone:undead_killed":23,"minecraft:fall_one_cm":54811,"minecraft:inspect_dispenser":1},"minecraft:mined":{"minecraft:dark_oak_planks":14,"minecraft:tuff":31,"minecraft:spruce_planks":1,"minecraft:dark_oak_leaves":4,"minecraft:deepslate_diamond_ore":2,"minecraft:sculk_vein":3,"minecraft:dark_oak_log":1,"minecraft:spruce_fence":9,"minecraft:spruce_trapdoor":3,"minecraft:dark_oak_fence":1,"minecraft:purple_terracotta":1,"minecraft:grass_block":3,"minecraft:spawner":1,"minecraft:hay_block":63,"minecraft:oak_trapdoor":2,"minecraft:iron_ore":26,"minecraft:andesite":12,"minecraft:anvil":1,"minecraft:dark_oak_stairs":1,"minecraft:pointed_dripstone":17,"minecraft:deepslate_iron_ore":6,"minecraft:rail":3,"minecraft:spruce_wood":2,"minecraft:stone":125,"minecraft:birch_pressure_plate":1,"minecraft:red_bed":2,"minecraft:crafting_table":1,"minecraft:torch":13,"minecraft:mossy_cobblestone_wall":3,"minecraft:sculk_sensor":1,"minecraft:stone_slab":1,"minecraft:copper_ore":8,"minecraft:tall_grass":1,"minecraft:cobblestone":21,"minecraft:slime_block":5,"minecraft:lapis_ore":9,"minecraft:oak_planks":16,"minecraft:sculk":33,"minecraft:diorite":2,"minecraft:wall_torch":5,"minecraft:spruce_stairs":1,"minecraft:dark_oak_slab":1,"minecraft:cobblestone_wall":2,"rpgsmw:mineral_ore":3,"minecraft:white_carpet":3,"minecraft:spruce_log":1,"minecraft:grass":2,"minecraft:coal_ore":90,"minecraft:oak_log":8,"minecraft:sand":1,"minecraft:dripstone_block":4,"minecraft:dirt":7,"minecraft:birch_fence":2,"minecraft:deepslate":45},"minecraft:used":{"minecraft:stone_sword":84,"minecraft:spruce_planks":1,"minecraft:shield":44,"minecraft:iron_sword":80,"minecraft:iron_chestplate":1,"minecraft:torch":144,"minecraft:dirt":2,"minecraft:wooden_axe":5,"minecraft:iron_axe":59,"minecraft:lantern":1,"easy_hammers:iron_hammer":27,"minecraft:iron_helmet":1,"minecraft:dark_oak_slab":1,"minecraft:iron_boots":1,"minecraft:totem_of_undying":1,"minecraft:goat_horn":5,"minecraft:furnace":5,"tombstone:gift":2,"minecraft:iron_leggings":1,"minecraft:water_bucket":1,"minecraft:stone_pickaxe":40,"minecraft:oak_planks":6,"minecraft:wooden_pickaxe":12,"minecraft:rail":3,"minecraft:crafting_table":3,"minecraft:red_bed":2,"minecraft:crossbow":10,"rpgsmw:steel_battle_hammer":70,"rpgsmw:steel_gauntlet":8,"minecraft:bread":86,"minecraft:stone_button":1,"minecraft:iron_pickaxe":361,"minecraft:stone_axe":1,"minecraft:cobblestone":265,"minecraft:bucket":1,"minecraft:oak_boat":1,"alexsmobs:animal_dictionary":1},"minecraft:killed_by":{"minecraft:husk":1,"minecraft:creeper":2,"minecraft:ravager":2,"minecraft:vindicator":2,"majruszsdifficulty:creeperling":1,"minecraft:zombie":2,"vampirism:vampire":1},"minecraft:crafted":{"minecraft:oak_planks":32,"minecraft:furnace":5,"minecraft:iron_boots":1,"minecraft:iron_axe":1,"minecraft:slime_ball":90,"minecraft:stone_pickaxe":1,"minecraft:wheat":567,"minecraft:crafting_table":2,"minecraft:wooden_pickaxe":1,"minecraft:iron_helmet":1,"minecraft:copper_ingot":64,"minecraft:stone_axe":1,"minecraft:bread":189,"minecraft:iron_chestplate":1,"minecraft:shield":1,"minecraft:stick":84,"minecraft:iron_ingot":18,"minecraft:iron_pickaxe":2,"minecraft:wooden_axe":1,"minecraft:stone_sword":1,"minecraft:iron_leggings":1,"minecraft:torch":160},"minecraft:broken":{"minecraft:shield":1,"easy_hammers:iron_hammer":1,"minecraft:iron_pickaxe":1},"minecraft:dropped":{"minecraft:enchanted_book":1,"minecraft:bread":65,"minecraft:diamond":2,"minecraft:dripstone_block":6,"minecraft:iron_helmet":1,"minecraft:cobblestone":331,"minecraft:granite":62,"minecraft:coal":6,"minecraft:dirt":8,"minecraft:diorite":102,"minecraft:stone_button":2,"minecraft:dark_oak_fence":1,"minecraft:torch":36,"tombstone:grave_dust":1,"minecraft:iron_leggings":1,"minecraft:iron_axe":2,"minecraft:iron_pickaxe":2,"minecraft:string":5,"tombstone:voodoo_poppet":1,"minecraft:gold_ingot":14,"minecraft:gravel":1,"minecraft:stone_axe":2,"minecraft:cobbled_deepslate":72,"alexsmobs:animal_dictionary":1,"minecraft:raw_copper":5,"rpgsmw:rawmiphrilignot":1,"endrem:rogue_eye":1,"minecraft:pointed_dripstone":30,"minecraft:white_carpet":4,"minecraft:rotten_flesh":9,"minecraft:iron_boots":1,"vampirism:blood_bottle":1,"evilcraft:poison_sac":1,"minecraft:spruce_fence":5,"minecraft:gunpowder":9,"vampirism:vampire_fang":1,"minecraft:spruce_trapdoor":1,"minecraft:iron_chestplate":1,"minecraft:andesite":64,"minecraft:spider_eye":1,"minecraft:painting":1,"minecraft:slime_ball":10,"minecraft:arrow":4,"minecraft:stone_pickaxe":1},"minecraft:picked_up":{"minecraft:crafting_table":1,"minecraft:chicken":2,"minecraft:anvil":1,"rpgsmw:steel_battle_hammer":1,"evilcraft:poison_sac":1,"minecraft:string":5,"minecraft:red_bed":2,"minecraft:iron_axe":1,"minecraft:raw_copper":127,"minecraft:white_carpet":4,"minecraft:birch_fence":3,"minecraft:cobbled_deepslate":96,"minecraft:spruce_planks":31,"minecraft:mossy_cobblestone_wall":2,"rpgsmw:rawmiphrilignot":1,"rpgsmw:redarium":3,"minecraft:oak_boat":1,"minecraft:iron_pickaxe":2,"evilcraft:blood_extractor":1,"minecraft:spruce_trapdoor":1,"minecraft:dark_oak_sapling":3,"minecraft:stick":3,"minecraft:raw_iron":43,"minecraft:torch":18,"minecraft:spruce_fence":5,"minecraft:diorite":102,"minecraft:pointed_dripstone":30,"minecraft:stone_button":3,"tombstone:grave_dust":3,"vampirism:vampire_fang":1,"rpgsmw:steel_berserk_armor_boots":1,"minecraft:dark_oak_planks":8,"minecraft:tnt":1,"vampirism:blood_bottle":1,"minecraft:arrow":8,"minecraft:rotten_flesh":24,"minecraft:hay_block":63,"minecraft:saddle":1,"minecraft:totem_of_undying":1,"rpgsmw:steel_berserk_armor_chestplate":1,"minecraft:mutton":9,"minecraft:white_wool":6,"minecraft:rail":3,"minecraft:cobblestone":914,"minecraft:feather":2,"vampirism:vampire_blood_bottle":1,"minecraft:andesite":125,"rpgsmw:steel_berserk_armor_leggings":1,"minecraft:tuff":30,"minecraft:oak_log":8,"minecraft:cobblestone_wall":2,"minecraft:gunpowder":5,"alexsmobs:rocky_shell":1,"easy_hammers:iron_hammer":1,"minecraft:lapis_lazuli":64,"minecraft:dirt":12,"minecraft:lantern":1,"tombstone:gift":1,"minecraft:red_carpet":1,"minecraft:wheat_seeds":1,"rpgsmw:steel_berserk_armor_helmet":1,"minecraft:oak_planks":15,"minecraft:dark_oak_stairs":1,"rpgsmw:steel_gauntlet":1,"minecraft:dark_oak_slab":1,"minecraft:dripstone_block":10,"minecraft:gravel":1,"minecraft:spruce_log":3,"minecraft:spider_eye":1,"minecraft:slime_ball":23,"minecraft:slime_block":9,"minecraft:diamond":2,"minecraft:stone_axe":1,"waystones:waystone":1,"minecraft:granite":62,"minecraft:painting":1,"minecraft:emerald":10,"minecraft:bread":1,"minecraft:dark_oak_fence":1,"minecraft:coal":131}},"DataVersion":3337}