{"stats":{"minecraft:mined":{"minecraft:hay_block":63,"minecraft:grass_block":2,"minecraft:oak_log":8,"minecraft:tall_grass":1,"minecraft:stone":12,"minecraft:crafting_table":1},"minecraft:custom":{"minecraft:time_since_rest":12738,"minecraft:play_time":16337,"minecraft:sprint_one_cm":22398,"minecraft:damage_taken":60,"minecraft:walk_one_cm":29885,"minecraft:drop":1,"minecraft:jump":159,"minecraft:time_since_death":16337,"minecraft:sleep_in_bed":1,"minecraft:total_world_time":16337,"minecraft:interact_with_crafting_table":5,"minecraft:fall_one_cm":3791,"minecraft:fly_one_cm":29576},"minecraft:used":{"minecraft:stone_axe":1,"minecraft:wooden_axe":5,"minecraft:crafting_table":1,"minecraft:bread":2,"minecraft:oak_planks":6,"alexsmobs:animal_dictionary":1,"minecraft:wooden_pickaxe":12},"minecraft:crafted":{"minecraft:stone_sword":1,"minecraft:oak_planks":32,"minecraft:stone_axe":1,"minecraft:crafting_table":1,"minecraft:stick":32,"minecraft:stone_pickaxe":1,"minecraft:wooden_axe":1,"minecraft:wooden_pickaxe":1,"minecraft:bread":189,"minecraft:wheat":567},"minecraft:dropped":{"alexsmobs:animal_dictionary":1},"minecraft:picked_up":{"minecraft:crafting_table":1,"minecraft:hay_block":63,"minecraft:stone_button":3,"minecraft:oak_log":8,"minecraft:cobblestone":12,"minecraft:dirt":2,"minecraft:lantern":1}},"DataVersion":3337}