{"stats":{"minecraft:killed":{"vampirism:vampire":1,"minecraft:husk":1,"minecraft:cave_spider":1,"mca:male_zombie_villager":1,"vampirism:advanced_vampire":1,"minecraft:spider":2,"minecraft:skeleton":1,"vampirism:blinding_bat":5,"minecraft:zombie":1},"minecraft:mined":{"minecraft:tuff":31,"minecraft:deepslate_diamond_ore":2,"minecraft:sculk_vein":3,"minecraft:crafting_table":1,"minecraft:torch":12,"minecraft:grass_block":3,"minecraft:sculk_sensor":1,"minecraft:tall_grass":1,"minecraft:copper_ore":8,"minecraft:cobblestone":17,"minecraft:lapis_ore":9,"minecraft:oak_planks":16,"minecraft:sculk":33,"minecraft:diorite":2,"minecraft:wall_torch":5,"minecraft:hay_block":63,"rpgsmw:mineral_ore":3,"minecraft:iron_ore":23,"minecraft:andesite":12,"minecraft:oak_log":8,"minecraft:pointed_dripstone":16,"minecraft:coal_ore":75,"minecraft:deepslate_iron_ore":6,"minecraft:rail":3,"minecraft:dripstone_block":4,"minecraft:dirt":6,"minecraft:stone":114,"minecraft:deepslate":41},"minecraft:custom":{"minecraft:interact_with_furnace":26,"minecraft:mob_kills":11,"minecraft:interact_with_crafting_table":16,"minecraft:damage_dealt_resisted":378,"minecraft:time_since_death":737,"minecraft:sleep_in_bed":1,"minecraft:time_since_rest":820,"minecraft:sprint_one_cm":124770,"minecraft:damage_taken":3155,"minecraft:walk_one_cm":326773,"minecraft:damage_blocked_by_shield":2575,"minecraft:drop":96,"minecraft:damage_dealt":2854,"minecraft:swim_one_cm":839,"minecraft:fly_one_cm":66809,"minecraft:open_chest":6,"minecraft:crouch_one_cm":981,"minecraft:play_time":100337,"tombstone:undead_killed":4,"minecraft:deaths":5,"minecraft:sneak_time":245,"minecraft:walk_under_water_one_cm":5412,"minecraft:jump":1153,"minecraft:walk_on_water_one_cm":7984,"minecraft:total_world_time":100337,"minecraft:fall_one_cm":25160},"minecraft:used":{"minecraft:stone_sword":76,"minecraft:stone_pickaxe":40,"minecraft:oak_planks":6,"minecraft:shield":44,"minecraft:wooden_pickaxe":12,"minecraft:iron_chestplate":1,"minecraft:torch":133,"minecraft:dirt":2,"minecraft:rail":3,"minecraft:crafting_table":3,"minecraft:wooden_axe":5,"easy_hammers:iron_hammer":11,"minecraft:lantern":1,"minecraft:iron_axe":22,"minecraft:bread":32,"minecraft:iron_pickaxe":328,"minecraft:stone_button":1,"minecraft:iron_helmet":1,"minecraft:iron_boots":1,"minecraft:stone_axe":1,"minecraft:cobblestone":120,"minecraft:furnace":5,"alexsmobs:animal_dictionary":1,"minecraft:iron_leggings":1},"minecraft:killed_by":{"minecraft:husk":1,"majruszsdifficulty:creeperling":1,"minecraft:creeper":2,"vampirism:vampire":1},"minecraft:crafted":{"minecraft:oak_planks":32,"minecraft:crafting_table":2,"minecraft:wooden_pickaxe":1,"minecraft:iron_helmet":1,"minecraft:furnace":5,"minecraft:copper_ingot":64,"minecraft:stone_axe":1,"minecraft:bread":189,"minecraft:iron_boots":1,"minecraft:iron_chestplate":1,"minecraft:shield":1,"minecraft:iron_axe":1,"minecraft:stick":84,"minecraft:iron_ingot":18,"minecraft:iron_pickaxe":2,"minecraft:stone_pickaxe":1,"minecraft:wooden_axe":1,"minecraft:stone_sword":1,"minecraft:iron_leggings":1,"minecraft:torch":160,"minecraft:wheat":567},"minecraft:broken":{"minecraft:shield":1,"minecraft:iron_pickaxe":1},"minecraft:dropped":{"minecraft:gravel":1,"minecraft:bread":65,"minecraft:stone_axe":2,"alexsmobs:animal_dictionary":1,"minecraft:cobbled_deepslate":48,"rpgsmw:rawmiphrilignot":1,"minecraft:pointed_dripstone":8,"minecraft:cobblestone":267,"minecraft:rotten_flesh":2,"minecraft:granite":62,"minecraft:coal":6,"minecraft:dirt":7,"minecraft:diorite":93,"minecraft:stone_button":2,"minecraft:torch":36,"minecraft:andesite":64,"minecraft:iron_pickaxe":2,"minecraft:string":5},"minecraft:picked_up":{"minecraft:crafting_table":1,"vampirism:vampire_blood_bottle":1,"minecraft:andesite":125,"minecraft:tuff":30,"minecraft:oak_log":8,"alexsmobs:rocky_shell":1,"easy_hammers:iron_hammer":1,"minecraft:string":5,"minecraft:lapis_lazuli":64,"minecraft:dirt":9,"minecraft:lantern":1,"minecraft:raw_copper":127,"minecraft:cobbled_deepslate":96,"minecraft:spruce_planks":26,"rpgsmw:rawmiphrilignot":1,"rpgsmw:redarium":3,"minecraft:iron_pickaxe":2,"minecraft:oak_planks":15,"minecraft:raw_iron":27,"minecraft:torch":17,"minecraft:gravel":1,"minecraft:dripstone_block":10,"tombstone:grave_dust":1,"vampirism:vampire_fang":1,"minecraft:stone_button":3,"minecraft:pointed_dripstone":29,"minecraft:diorite":102,"minecraft:spider_eye":1,"minecraft:arrow":2,"vampirism:blood_bottle":1,"minecraft:rotten_flesh":5,"minecraft:diamond":2,"minecraft:stone_axe":1,"minecraft:hay_block":63,"minecraft:granite":62,"minecraft:bread":1,"minecraft:rail":3,"minecraft:coal":90,"minecraft:cobblestone":841}},"DataVersion":3337}