{"stats":{"minecraft:killed":{"vampirism:vampire":1,"minecraft:cave_spider":1,"vampirism:advanced_vampire":1,"minecraft:spider":1,"minecraft:skeleton":1,"vampirism:blinding_bat":5},"minecraft:mined":{"minecraft:tuff":31,"minecraft:deepslate_diamond_ore":2,"minecraft:sculk_vein":3,"minecraft:crafting_table":1,"minecraft:torch":2,"minecraft:grass_block":3,"minecraft:sculk_sensor":1,"minecraft:tall_grass":1,"minecraft:copper_ore":8,"minecraft:cobblestone":14,"minecraft:lapis_ore":3,"minecraft:oak_planks":16,"minecraft:sculk":33,"minecraft:hay_block":63,"rpgsmw:mineral_ore":3,"minecraft:iron_ore":23,"minecraft:andesite":12,"minecraft:oak_log":8,"minecraft:pointed_dripstone":16,"minecraft:coal_ore":69,"minecraft:deepslate_iron_ore":6,"minecraft:rail":3,"minecraft:dripstone_block":3,"minecraft:dirt":4,"minecraft:stone":79,"minecraft:deepslate":38},"minecraft:custom":{"minecraft:interact_with_furnace":21,"minecraft:mob_kills":7,"minecraft:interact_with_crafting_table":16,"minecraft:damage_dealt_resisted":378,"minecraft:time_since_death":28786,"minecraft:sleep_in_bed":1,"minecraft:time_since_rest":28827,"minecraft:sprint_one_cm":93603,"minecraft:damage_taken":1788,"minecraft:walk_one_cm":243093,"minecraft:damage_blocked_by_shield":2575,"minecraft:drop":92,"minecraft:damage_dealt":2101,"minecraft:fly_one_cm":51146,"minecraft:open_chest":5,"minecraft:crouch_one_cm":981,"minecraft:play_time":76337,"tombstone:undead_killed":1,"minecraft:deaths":2,"minecraft:sneak_time":245,"minecraft:jump":709,"minecraft:walk_on_water_one_cm":588,"minecraft:total_world_time":76337,"minecraft:fall_one_cm":17543},"minecraft:used":{"minecraft:stone_sword":57,"minecraft:stone_pickaxe":40,"minecraft:oak_planks":6,"minecraft:shield":44,"minecraft:wooden_pickaxe":12,"minecraft:iron_chestplate":1,"minecraft:torch":107,"minecraft:crafting_table":3,"minecraft:wooden_axe":5,"minecraft:lantern":1,"minecraft:iron_axe":22,"minecraft:bread":22,"minecraft:iron_pickaxe":283,"minecraft:stone_button":1,"minecraft:iron_helmet":1,"minecraft:iron_boots":1,"minecraft:stone_axe":1,"minecraft:cobblestone":98,"minecraft:furnace":5,"alexsmobs:animal_dictionary":1,"minecraft:iron_leggings":1},"minecraft:killed_by":{"minecraft:creeper":1,"vampirism:vampire":1},"minecraft:crafted":{"minecraft:oak_planks":32,"minecraft:crafting_table":2,"minecraft:wooden_pickaxe":1,"minecraft:iron_helmet":1,"minecraft:furnace":5,"minecraft:stone_axe":1,"minecraft:bread":189,"minecraft:iron_boots":1,"minecraft:iron_chestplate":1,"minecraft:shield":1,"minecraft:iron_axe":1,"minecraft:stick":84,"minecraft:iron_ingot":12,"minecraft:iron_pickaxe":2,"minecraft:stone_pickaxe":1,"minecraft:wooden_axe":1,"minecraft:stone_sword":1,"minecraft:iron_leggings":1,"minecraft:torch":152,"minecraft:wheat":567},"minecraft:broken":{"minecraft:shield":1,"minecraft:iron_pickaxe":1},"minecraft:dropped":{"minecraft:gravel":1,"minecraft:bread":65,"minecraft:stone_axe":2,"alexsmobs:animal_dictionary":1,"minecraft:cobbled_deepslate":48,"rpgsmw:rawmiphrilignot":1,"minecraft:pointed_dripstone":8,"minecraft:cobblestone":267,"minecraft:granite":62,"minecraft:dirt":7,"minecraft:diorite":93,"minecraft:stone_button":2,"minecraft:torch":36,"minecraft:andesite":64,"minecraft:iron_pickaxe":2},"minecraft:picked_up":{"minecraft:crafting_table":1,"vampirism:vampire_blood_bottle":1,"minecraft:andesite":125,"minecraft:tuff":30,"minecraft:oak_log":8,"minecraft:string":5,"minecraft:lapis_lazuli":21,"minecraft:dirt":7,"minecraft:lantern":1,"minecraft:raw_copper":122,"minecraft:cobbled_deepslate":94,"minecraft:spruce_planks":26,"rpgsmw:rawmiphrilignot":1,"rpgsmw:redarium":3,"minecraft:iron_pickaxe":2,"minecraft:oak_planks":15,"minecraft:raw_iron":27,"minecraft:torch":2,"minecraft:gravel":1,"minecraft:dripstone_block":7,"tombstone:grave_dust":1,"vampirism:vampire_fang":1,"minecraft:stone_button":3,"minecraft:pointed_dripstone":23,"minecraft:diorite":93,"minecraft:spider_eye":1,"minecraft:arrow":2,"vampirism:blood_bottle":1,"minecraft:diamond":2,"minecraft:stone_axe":1,"minecraft:hay_block":63,"minecraft:granite":62,"minecraft:bread":1,"minecraft:rail":3,"minecraft:coal":74,"minecraft:cobblestone":786}},"DataVersion":3337}