{"stats":{"minecraft:killed":{"vampirism:advanced_vampire":1},"minecraft:mined":{"minecraft:crafting_table":1,"minecraft:torch":2,"minecraft:grass_block":3,"minecraft:tall_grass":1,"minecraft:copper_ore":8,"minecraft:cobblestone":4,"minecraft:lapis_ore":3,"minecraft:hay_block":63,"minecraft:iron_ore":15,"minecraft:andesite":12,"minecraft:oak_log":8,"minecraft:pointed_dripstone":3,"minecraft:coal_ore":69,"minecraft:deepslate_iron_ore":6,"minecraft:dripstone_block":1,"minecraft:dirt":4,"minecraft:stone":77,"minecraft:deepslate":7},"minecraft:custom":{"minecraft:interact_with_furnace":12,"minecraft:interact_with_crafting_table":11,"minecraft:damage_dealt_resisted":60,"minecraft:time_since_death":40337,"minecraft:sleep_in_bed":1,"minecraft:time_since_rest":36738,"minecraft:sprint_one_cm":31941,"minecraft:damage_taken":350,"minecraft:walk_one_cm":100185,"minecraft:drop":90,"minecraft:damage_dealt":284,"minecraft:fly_one_cm":35226,"minecraft:open_chest":2,"minecraft:play_time":40337,"minecraft:jump":304,"minecraft:walk_on_water_one_cm":240,"minecraft:total_world_time":40337,"minecraft:fall_one_cm":9109},"minecraft:used":{"minecraft:stone_sword":7,"minecraft:stone_pickaxe":37,"minecraft:oak_planks":6,"minecraft:wooden_pickaxe":12,"minecraft:torch":41,"minecraft:crafting_table":2,"minecraft:wooden_axe":5,"minecraft:lantern":1,"minecraft:iron_axe":4,"minecraft:bread":8,"minecraft:iron_pickaxe":158,"minecraft:stone_button":1,"minecraft:stone_axe":1,"minecraft:cobblestone":40,"minecraft:furnace":4,"alexsmobs:animal_dictionary":1},"minecraft:crafted":{"minecraft:oak_planks":32,"minecraft:crafting_table":1,"minecraft:wooden_pickaxe":1,"minecraft:furnace":4,"minecraft:stone_axe":1,"minecraft:bread":189,"minecraft:iron_axe":1,"minecraft:stick":32,"minecraft:iron_ingot":9,"minecraft:iron_pickaxe":1,"minecraft:stone_pickaxe":1,"minecraft:wooden_axe":1,"minecraft:stone_sword":1,"minecraft:torch":40,"minecraft:wheat":567},"minecraft:dropped":{"minecraft:gravel":1,"minecraft:bread":65,"minecraft:stone_axe":2,"alexsmobs:animal_dictionary":1,"minecraft:cobbled_deepslate":48,"minecraft:pointed_dripstone":8,"minecraft:cobblestone":267,"minecraft:granite":62,"minecraft:dirt":7,"minecraft:diorite":93,"minecraft:stone_button":2,"minecraft:andesite":64,"minecraft:iron_pickaxe":2},"minecraft:picked_up":{"minecraft:crafting_table":1,"vampirism:vampire_blood_bottle":1,"minecraft:andesite":125,"minecraft:oak_log":8,"minecraft:lapis_lazuli":21,"minecraft:dirt":7,"minecraft:lantern":1,"minecraft:raw_copper":122,"minecraft:cobbled_deepslate":67,"rpgsmw:rawmiphrilignot":1,"minecraft:iron_pickaxe":2,"minecraft:raw_iron":19,"minecraft:torch":1,"minecraft:gravel":1,"minecraft:dripstone_block":5,"minecraft:stone_button":3,"minecraft:pointed_dripstone":8,"minecraft:diorite":93,"minecraft:stone_axe":1,"minecraft:hay_block":63,"minecraft:granite":62,"minecraft:bread":1,"minecraft:coal":71,"minecraft:cobblestone":779}},"DataVersion":3337}