{
  "minecraft:recipes/decorations/ladder": {
    "criteria": {
      "has_stick": "2024-07-10 01:07:54 +0000"
    },
    "done": true
  },
  "aquaculture:recipes/aquaculture/heavy_hook": {
    "criteria": {
      "has_items": "2024-07-10 01:07:54 +0000"
    },
    "done": true
  },
  "aquaculture:recipes/decorations/birch_fish_mount": {
    "criteria": {
      "has_items": "2024-07-10 01:07:54 +0000"
    },
    "done": true
  },
  "minecraft:recipes/decorations/yellow_bed_from_white_bed": {
    "criteria": {
      "has_bed": "2024-07-10 01:07:54 +0000"
    },
    "done": true
  },
  "aquaculture:recipes/misc/neptunium_ingot_from_neptunium_block": {
    "criteria": {
      "has_items": "2024-07-10 01:07:54 +0000"
    },
    "done": true
  },
  "minecraft:recipes/decorations/cyan_bed_from_white_bed": {
    "criteria": {
      "has_bed": "2024-07-10 01:07:54 +0000"
    },
    "done": true
  },
  "minecraft:recipes/tools/wooden_axe": {
    "criteria": {
      "has_stick": "2024-07-10 01:07:54 +0000"
    },
    "done": true
  },
  "aquaculture:recipes/misc/iron_nugget_from_smelting": {
    "criteria": {
      "has_fishing_rod": "2024-07-10 01:07:54 +0000",
      "has_fillet_knife": "2024-07-10 01:07:54 +0000"
    },
    "done": true
  },
  "minecraft:recipes/decorations/crafting_table": {
    "criteria": {
      "unlock_right_away": "2024-07-10 01:07:54 +0000"
    },
    "done": true
  },
  "minecraft:recipes/decorations/chest": {
    "criteria": {
      "has_lots_of_items": "2024-07-10 01:07:54 +0000"
    },
    "done": true
  },
  "aquaculture:recipes/tools/golden_fishing_rod": {
    "criteria": {
      "has_vanilla_rod": "2024-07-10 01:07:54 +0000"
    },
    "done": true
  },
  "minecraft:recipes/misc/stick": {
    "criteria": {
      "has_planks": "2024-07-10 01:07:54 +0000"
    },
    "done": true
  },
  "aquaculture:recipes/misc/gold_nugget_from_smelting": {
    "criteria": {
      "has_fishing_rod": "2024-07-10 01:07:54 +0000",
      "has_fillet_knife": "2024-07-10 01:07:54 +0000"
    },
    "done": true
  },
  "minecraft:recipes/decorations/magenta_bed_from_white_bed": {
    "criteria": {
      "has_bed": "2024-07-10 01:07:54 +0000"
    },
    "done": true
  },
  "aquaculture:recipes/misc/bonemeal_from_fish_bones": {
    "criteria": {
      "has_items": "2024-07-10 01:07:54 +0000"
    },
    "done": true
  },
  "minecraft:recipes/misc/netherite_ingot": {
    "criteria": {
      "has_netherite_scrap": "2024-07-10 01:07:54 +0000"
    },
    "done": true
  },
  "minecraft:recipes/building_blocks/dark_oak_stairs": {
    "criteria": {
      "has_planks": "2024-07-10 01:07:54 +0000"
    },
    "done": true
  },
  "incendium:technical/new_player": {
    "criteria": {
      "requirement": "2024-07-10 01:07:54 +0000"
    },
    "done": true
  },
  "minecraft:recipes/decorations/brown_bed_from_white_bed": {
    "criteria": {
      "has_bed": "2024-07-10 01:07:54 +0000"
    },
    "done": true
  },
  "minecraft:recipes/redstone/dark_oak_door": {
    "criteria": {
      "has_planks": "2024-07-10 01:07:54 +0000"
    },
    "done": true
  },
  "vampirism:recipes/decorations/general/throne": {
    "criteria": {
      "has_planks": "2024-07-10 01:07:54 +0000"
    },
    "done": true
  },
  "vampirism:recipes/decorations/general/fire_place": {
    "criteria": {
      "has_logs": "2024-07-10 01:07:54 +0000"
    },
    "done": true
  },
  "aquaculture:recipes/misc/brown_mushroom_from_fish": {
    "criteria": {
      "has_items": "2024-07-10 01:07:54 +0000"
    },
    "done": true
  },
  "dnl:story/general/checkpoint": {
    "criteria": {
      "find player head": "2024-07-10 01:07:54 +0000"
    },
    "done": true
  },
  "minecraft:recipes/decorations/light_blue_bed_from_white_bed": {
    "criteria": {
      "has_bed": "2024-07-10 01:07:54 +0000"
    },
    "done": true
  },
  "dungeons_arise:wda_root": {
    "criteria": {
      "WDA": "2024-07-10 01:07:54 +0000"
    },
    "done": true
  },
  "minecraft:recipes/decorations/campfire": {
    "criteria": {
      "has_coal": "2024-07-10 01:07:54 +0000"
    },
    "done": true
  },
  "aquaculture:recipes/tools/wooden_fillet_knife": {
    "criteria": {
      "has_items": "2024-07-10 01:07:54 +0000"
    },
    "done": true
  },
  "minecraft:recipes/tools/wooden_hoe": {
    "criteria": {
      "has_stick": "2024-07-10 01:07:54 +0000"
    },
    "done": true
  },
  "minecraft:recipes/misc/charcoal": {
    "criteria": {
      "has_log": "2024-07-10 01:07:54 +0000"
    },
    "done": true
  },
  "aquaculture:recipes/misc/neptinium_ingot_from_blasting": {
    "criteria": {
      "has_leggings": "2024-07-10 01:07:54 +0000",
      "has_axe": "2024-07-10 01:07:54 +0000",
      "has_helmet": "2024-07-10 01:07:54 +0000",
      "has_fishing_rod": "2024-07-10 01:07:54 +0000",
      "has_bow": "2024-07-10 01:07:54 +0000",
      "has_chestplate": "2024-07-10 01:07:54 +0000",
      "has_sword": "2024-07-10 01:07:54 +0000",
      "has_fillet_knife": "2024-07-10 01:07:54 +0000",
      "has_shovel": "2024-07-10 01:07:54 +0000",
      "has_hoe": "2024-07-10 01:07:54 +0000",
      "has_boots": "2024-07-10 01:07:54 +0000",
      "has_pickaxe": "2024-07-10 01:07:54 +0000"
    },
    "done": true
  },
  "minecraft:recipes/decorations/blue_bed_from_white_bed": {
    "criteria": {
      "has_bed": "2024-07-10 01:07:54 +0000"
    },
    "done": true
  },
  "aquaculture:recipes/decorations/dark_oak_fish_mount": {
    "criteria": {
      "has_items": "2024-07-10 01:07:54 +0000"
    },
    "done": true
  },
  "minecraft:recipes/tools/wooden_shovel": {
    "criteria": {
      "has_stick": "2024-07-10 01:07:54 +0000"
    },
    "done": true
  },
  "aquaculture:recipes/decorations/acacia_fish_mount": {
    "criteria": {
      "has_items": "2024-07-10 01:07:54 +0000"
    },
    "done": true
  },
  "vampirism:recipes/combat/hunter/crucifix": {
    "criteria": {
      "planks": "2024-07-10 01:07:54 +0000"
    },
    "done": true
  },
  "minecraft:recipes/combat/wooden_sword": {
    "criteria": {
      "has_stick": "2024-07-10 01:07:54 +0000"
    },
    "done": true
  },
  "minecraft:recipes/building_blocks/oak_planks": {
    "criteria": {
      "has_logs": "2024-07-10 01:07:54 +0000"
    },
    "done": true
  },
  "aquaculture:recipes/aquaculture/diamond_hook": {
    "criteria": {
      "has_items": "2024-07-10 01:07:54 +0000"
    },
    "done": true
  },
  "aquaculture:recipes/food/sushi": {
    "criteria": {
      "has_alt_items": "2024-07-10 01:07:54 +0000",
      "has_items": "2024-07-10 01:07:54 +0000"
    },
    "done": true
  },
  "minecraft:recipes/decorations/barrel": {
    "criteria": {
      "has_planks": "2024-07-10 01:07:54 +0000"
    },
    "done": true
  },
  "minecraft:recipes/decorations/black_bed_from_white_bed": {
    "criteria": {
      "has_bed": "2024-07-10 01:07:54 +0000"
    },
    "done": true
  },
  "aquaculture:recipes/aquaculture/light_hook": {
    "criteria": {
      "has_items": "2024-07-10 01:07:54 +0000"
    },
    "done": true
  },
  "aquaculture:recipes/misc/red_mushroom_from_fish": {
    "criteria": {
      "has_items": "2024-07-10 01:07:54 +0000"
    },
    "done": true
  },
  "aquaculture:recipes/building_blocks/planks_from_driftwood": {
    "criteria": {
      "has_items": "2024-07-10 01:07:54 +0000"
    },
    "done": true
  },
  "minecraft:recipes/decorations/dark_oak_sign": {
    "criteria": {
      "has_planks": "2024-07-10 01:07:54 +0000"
    },
    "done": true
  },
  "minecraft:recipes/building_blocks/oak_wood": {
    "criteria": {
      "has_log": "2024-07-10 01:07:54 +0000"
    },
    "done": true
  },
  "minecraft:recipes/decorations/light_gray_bed_from_white_bed": {
    "criteria": {
      "has_bed": "2024-07-10 01:07:54 +0000"
    },
    "done": true
  },
  "vampirism:recipes/decorations/general/grave_cage": {
    "criteria": {
      "has_coal": "2024-07-10 01:07:54 +0000"
    },
    "done": true
  },
  "aquaculture:recipes/aquaculture/worm_farm": {
    "criteria": {
      "has_items": "2024-07-10 01:07:54 +0000"
    },
    "done": true
  },
  "aquaculture:recipes/tools/iron_fishing_rod": {
    "criteria": {
      "has_vanilla_rod": "2024-07-10 01:07:54 +0000"
    },
    "done": true
  },
  "minecraft:recipes/redstone/dark_oak_fence_gate": {
    "criteria": {
      "has_planks": "2024-07-10 01:07:54 +0000"
    },
    "done": true
  },
  "minecraft:recipes/misc/iron_nugget_from_smelting": {
    "criteria": {
      "has_iron_sword": "2024-07-10 01:07:54 +0000"
    },
    "done": true
  },
  "vampirism:recipes/combat/hunter/stake": {
    "criteria": {
      "has_sticks": "2024-07-10 01:07:54 +0000"
    },
    "done": true
  },
  "minecraft:story/iron_tools": {
    "criteria": {
      "iron_pickaxe": "2024-07-10 01:07:54 +0000"
    },
    "done": true
  },
  "minecraft:recipes/redstone/dark_oak_trapdoor": {
    "criteria": {
      "has_planks": "2024-07-10 01:07:54 +0000"
    },
    "done": true
  },
  "aquaculture:recipes/aquaculture/note_hook": {
    "criteria": {
      "has_items": "2024-07-10 01:07:54 +0000"
    },
    "done": true
  },
  "aquaculture:recipes/food/cooked_fish_fillet_from_campfire": {
    "criteria": {
      "has_items": "2024-07-10 01:07:54 +0000"
    },
    "done": true
  },
  "minecraft:recipes/decorations/orange_bed_from_white_bed": {
    "criteria": {
      "has_bed": "2024-07-10 01:07:54 +0000"
    },
    "done": true
  },
  "minecraft:recipes/misc/bowl": {
    "criteria": {
      "has_red_mushroom": "2024-07-10 01:07:54 +0000"
    },
    "done": true
  },
  "minecraft:recipes/decorations/lime_bed_from_white_bed": {
    "criteria": {
      "has_bed": "2024-07-10 01:07:54 +0000"
    },
    "done": true
  },
  "majruszsdifficulty:game_stage_normal": {
    "criteria": {
      "is_triggered": "2024-07-10 01:07:54 +0000"
    },
    "done": true
  },
  "aquaculture:recipes/aquaculture/gold_hook": {
    "criteria": {
      "has_items": "2024-07-10 01:07:54 +0000"
    },
    "done": true
  },
  "aquaculture:recipes/decorations/oak_fish_mount": {
    "criteria": {
      "has_items": "2024-07-10 01:07:54 +0000"
    },
    "done": true
  },
  "minecraft:recipes/redstone/dark_oak_button": {
    "criteria": {
      "has_planks": "2024-07-10 01:07:54 +0000"
    },
    "done": true
  },
  "aquaculture:recipes/decorations/spruce_fish_mount": {
    "criteria": {
      "has_items": "2024-07-10 01:07:54 +0000"
    },
    "done": true
  },
  "minecraft:recipes/decorations/gray_bed_from_white_bed": {
    "criteria": {
      "has_bed": "2024-07-10 01:07:54 +0000"
    },
    "done": true
  },
  "minecraft:recipes/decorations/pink_bed_from_white_bed": {
    "criteria": {
      "has_bed": "2024-07-10 01:07:54 +0000"
    },
    "done": true
  },
  "vampirism:recipes/decorations/vampire/altar_inspiration": {
    "criteria": {
      "has_planks": "2024-07-10 01:07:54 +0000"
    },
    "done": true
  },
  "aquaculture:recipes/aquaculture/double_hook": {
    "criteria": {
      "has_items": "2024-07-10 01:07:54 +0000"
    },
    "done": true
  },
  "minecraft:recipes/decorations/red_bed_from_white_bed": {
    "criteria": {
      "has_bed": "2024-07-10 01:07:54 +0000"
    },
    "done": true
  },
  "aquaculture:recipes/aquaculture/fishing_line": {
    "criteria": {
      "has_items": "2024-07-10 01:07:54 +0000"
    },
    "done": true
  },
  "aquaculture:recipes/misc/tin_can_to_iron_nugget_from_blasting": {
    "criteria": {
      "has_items": "2024-07-10 01:07:54 +0000"
    },
    "done": true
  },
  "minecraft:recipes/building_blocks/coal_block": {
    "criteria": {
      "has_coal": "2024-07-10 01:07:54 +0000"
    },
    "done": true
  },
  "cataclysm:root": {
    "criteria": {
      "custom_test_name": "2024-07-10 01:07:54 +0000"
    },
    "done": true
  },
  "minecraft:recipes/redstone/dark_oak_pressure_plate": {
    "criteria": {
      "has_planks": "2024-07-10 01:07:54 +0000"
    },
    "done": true
  },
  "aquaculture:recipes/aquaculture/iron_hook": {
    "criteria": {
      "has_items": "2024-07-10 01:07:54 +0000"
    },
    "done": true
  },
  "minecraft:recipes/decorations/dark_oak_fence": {
    "criteria": {
      "has_planks": "2024-07-10 01:07:54 +0000"
    },
    "done": true
  },
  "minecraft:recipes/building_blocks/dark_oak_slab": {
    "criteria": {
      "has_planks": "2024-07-10 01:07:54 +0000"
    },
    "done": true
  },
  "minecraft:recipes/building_blocks/dark_oak_planks": {
    "criteria": {
      "has_log": "2024-07-10 01:07:54 +0000"
    },
    "done": true
  },
  "aquaculture:recipes/misc/jellyfish_to_slimeball": {
    "criteria": {
      "has_items": "2024-07-10 01:07:54 +0000"
    },
    "done": true
  },
  "aquaculture:recipes/aquaculture/redstone_hook": {
    "criteria": {
      "has_items": "2024-07-10 01:07:54 +0000"
    },
    "done": true
  },
  "minecraft:recipes/decorations/purple_bed_from_white_bed": {
    "criteria": {
      "has_bed": "2024-07-10 01:07:54 +0000"
    },
    "done": true
  },
  "aquaculture:recipes/misc/gold_nugget_from_blasting": {
    "criteria": {
      "has_fishing_rod": "2024-07-10 01:07:54 +0000",
      "has_fillet_knife": "2024-07-10 01:07:54 +0000"
    },
    "done": true
  },
  "aquaculture:recipes/aquaculture/bobber": {
    "criteria": {
      "has_items": "2024-07-10 01:07:54 +0000"
    },
    "done": true
  },
  "vampirism:recipes/decorations/hunter/cross": {
    "criteria": {
      "has_planks": "2024-07-10 01:07:54 +0000"
    },
    "done": true
  },
  "aquaculture:recipes/misc/gold_nugget_from_gold_fish": {
    "criteria": {
      "has_items": "2024-07-10 01:07:54 +0000"
    },
    "done": true
  },
  "aquaculture:recipes/food/cooked_fish_fillet_from_smoking": {
    "criteria": {
      "has_items": "2024-07-10 01:07:54 +0000"
    },
    "done": true
  },
  "minecraft:recipes/tools/wooden_pickaxe": {
    "criteria": {
      "has_stick": "2024-07-10 01:07:54 +0000"
    },
    "done": true
  },
  "minecraft:recipes/building_blocks/dark_oak_wood": {
    "criteria": {
      "has_log": "2024-07-10 01:07:54 +0000"
    },
    "done": true
  },
  "aquaculture:recipes/tools/diamond_fishing_rod": {
    "criteria": {
      "has_vanilla_rod": "2024-07-10 01:07:54 +0000"
    },
    "done": true
  },
  "minecraft:recipes/decorations/green_bed_from_white_bed": {
    "criteria": {
      "has_bed": "2024-07-10 01:07:54 +0000"
    },
    "done": true
  },
  "aquaculture:recipes/food/cooked_fish_fillet": {
    "criteria": {
      "has_items": "2024-07-10 01:07:54 +0000"
    },
    "done": true
  },
  "vampirism:recipes/combat/alchemy_table": {
    "criteria": {
      "has_planks": "2024-07-10 01:07:54 +0000"
    },
    "done": true
  },
  "rpgsmw:choose_your_class": {
    "criteria": {
      "choose_your_class": "2024-07-10 01:07:54 +0000"
    },
    "done": true
  },
  "minecraft:recipes/misc/iron_nugget_from_blasting": {
    "criteria": {
      "has_iron_sword": "2024-07-10 01:07:54 +0000"
    },
    "done": true
  },
  "minecraft:recipes/food/mushroom_stew": {
    "criteria": {
      "has_red_mushroom": "2024-07-10 01:07:54 +0000"
    },
    "done": true
  },
  "aquaculture:recipes/misc/neptunium_ingot_from_nuggets": {
    "criteria": {
      "has_items": "2024-07-10 01:07:54 +0000"
    },
    "done": true
  },
  "vampirism:recipes/decorations/general/vampire_rack": {
    "criteria": {
      "has_planks": "2024-07-10 01:07:54 +0000"
    },
    "done": true
  },
  "aquaculture:recipes/misc/iron_nugget_from_blasting": {
    "criteria": {
      "has_fishing_rod": "2024-07-10 01:07:54 +0000",
      "has_fillet_knife": "2024-07-10 01:07:54 +0000"
    },
    "done": true
  },
  "aquaculture:recipes/misc/tin_can_to_iron_nugget": {
    "criteria": {
      "has_items": "2024-07-10 01:07:54 +0000"
    },
    "done": true
  },
  "minecraft:story/root": {
    "criteria": {
      "crafting_table": "2024-07-10 01:07:54 +0000"
    },
    "done": true
  },
  "vampirism:recipes/decorations/general/altar_cleansing": {
    "criteria": {
      "has_vampire_book": "2024-07-10 01:07:54 +0000"
    },
    "done": true
  },
  "aquaculture:recipes/decorations/jungle_fish_mount": {
    "criteria": {
      "has_items": "2024-07-10 01:07:54 +0000"
    },
    "done": true
  },
  "incendium:technical/using/shield": {
    "criteria": {
      "log_spam_fixer": "2024-07-10 01:07:56 +0000"
    },
    "done": false
  },
  "tombstone:adventure/root": {
    "criteria": {
      "auto": "2024-07-10 01:07:56 +0000"
    },
    "done": true
  },
  "incendium:technical/scroll_of_returning": {
    "criteria": {
      "log_spam_fixer": "2024-07-10 01:07:56 +0000"
    },
    "done": false
  },
  "incendium:technical/using/ragnarok": {
    "criteria": {
      "log_spam_fixer": "2024-07-10 01:07:56 +0000"
    },
    "done": false
  },
  "incendium:technical/using/trailblazer": {
    "criteria": {
      "log_spam_fixer": "2024-07-10 01:07:56 +0000"
    },
    "done": false
  },
  "minecraft:adventure/adventuring_time": {
    "criteria": {
      "minecraft:old_growth_pine_taiga": "2024-07-10 01:35:19 +0000",
      "minecraft:taiga": "2024-07-10 01:36:35 +0000",
      "minecraft:dark_forest": "2024-07-10 01:07:56 +0000",
      "minecraft:river": "2024-07-10 01:28:50 +0000",
      "minecraft:forest": "2024-07-10 01:37:02 +0000",
      "minecraft:windswept_forest": "2024-07-10 01:27:57 +0000",
      "minecraft:windswept_gravelly_hills": "2024-07-10 01:39:00 +0000",
      "minecraft:plains": "2024-07-10 01:38:07 +0000"
    },
    "done": false
  },
  "dnl:entity/guardian_ghast/hurt": {
    "criteria": {
      "not_projectile": "2024-07-10 01:08:17 +0000"
    },
    "done": false
  },
  "dnl:util/entity_hit_matching/on_hurt": {
    "criteria": {
      "not_projectile": "2024-07-10 01:49:20 +0000",
      "is_projectile": "2024-07-10 01:49:20 +0000",
      "blocked_false": "2024-07-10 01:49:20 +0000"
    },
    "done": false
  },
  "rpgsmw:berserk_class": {
    "criteria": {
      "berserk_class": "2024-07-10 01:09:12 +0000"
    },
    "done": true
  },
  "minecraft:adventure/sleep_in_bed": {
    "criteria": {
      "slept_in_bed": "2024-07-10 01:10:58 +0000"
    },
    "done": true
  },
  "incendium:technical/sentrys_wrath": {
    "criteria": {
      "log_spam_fixer": "2024-07-10 01:49:34 +0000"
    },
    "done": false
  },
  "incendium:technical/on_player_hurt": {
    "criteria": {
      "log_spam_fixer": "2024-07-10 01:49:34 +0000"
    },
    "done": false
  },
  "incendium:technical/on_kill": {
    "criteria": {
      "log_spam_fixer": "2024-07-10 01:49:34 +0000"
    },
    "done": false
  },
  "incendium:technical/on_inventory_change": {
    "criteria": {
      "log_spam_fixer": "2024-07-10 01:49:34 +0000"
    },
    "done": false
  },
  "incendium:technical/holy_wrath": {
    "criteria": {
      "log_spam_fixer": "2024-07-10 01:49:34 +0000"
    },
    "done": false
  },
  "incendium:technical/on_block": {
    "criteria": {
      "log_spam_fixer": "2024-07-10 01:49:34 +0000"
    },
    "done": false
  },
  "incendium:technical/inventory/sentrys_wrath": {
    "criteria": {
      "log_spam_fixer": "2024-07-10 01:49:34 +0000"
    },
    "done": false
  },
  "incendium:technical/feed_ghastling": {
    "criteria": {
      "log_spam_fixer": "2024-07-10 01:49:34 +0000"
    },
    "done": false
  },
  "incendium:technical/firestorm": {
    "criteria": {
      "log_spam_fixer": "2024-07-10 01:49:34 +0000"
    },
    "done": false
  },
  "incendium:technical/inventory/firestorm": {
    "criteria": {
      "log_spam_fixer": "2024-07-10 01:49:34 +0000"
    },
    "done": false
  },
  "incendium:technical/give_ghastling": {
    "criteria": {
      "log_spam_fixer": "2024-07-10 01:49:34 +0000"
    },
    "done": false
  },
  "incendium:technical/multiplex_crossbow": {
    "criteria": {
      "log_spam_fixer": "2024-07-10 01:49:34 +0000"
    },
    "done": false
  },
  "minecraft:recipes/tools/melon_smithing_iron": {
    "criteria": {
      "has_iron_tier_upgrade": "2024-07-10 01:24:50 +0000"
    },
    "done": true
  },
  "vampirism:recipes/decorations/general/totem_top": {
    "criteria": {
      "has_obsidian": "2024-07-10 01:26:21 +0000"
    },
    "done": true
  },
  "vampirism:recipes/decorations/vampire/blood_pedestal": {
    "criteria": {
      "has_gold": "2024-07-10 01:24:12 +0000"
    },
    "done": true
  },
  "blue_skies:recipes/building_blocks/frostbright_bookshelf": {
    "criteria": {
      "has_item": "2024-07-10 01:29:20 +0000"
    },
    "done": true
  },
  "mutantmonsters:root": {
    "criteria": {
      "killed_by_something": "2024-07-10 01:17:15 +0000"
    },
    "done": true
  },
  "minecraft:recipes/tools/spider_smithing_gold": {
    "criteria": {
      "has_gold_tier_upgrade": "2024-07-10 01:24:56 +0000"
    },
    "done": true
  },
  "travelersbackpack:recipes/tools/iron_smithing_legacy_gold": {
    "criteria": {
      "has_gold_tier_upgrade": "2024-07-10 01:24:56 +0000"
    },
    "done": true
  },
  "minecraft:recipes/food/cooked_chicken_from_campfire_cooking": {
    "criteria": {
      "has_chicken": "2024-07-10 01:38:17 +0000"
    },
    "done": true
  },
  "minecraft:recipes/tools/bookshelf_smithing_iron": {
    "criteria": {
      "has_iron_tier_upgrade": "2024-07-10 01:24:50 +0000"
    },
    "done": true
  },
  "minecraft:recipes/tools/cactus_smithing_gold": {
    "criteria": {
      "has_gold_tier_upgrade": "2024-07-10 01:24:56 +0000"
    },
    "done": true
  },
  "travelersbackpack:recipes/tools/lapis_smithing_legacy_gold": {
    "criteria": {
      "has_gold_tier_upgrade": "2024-07-10 01:24:56 +0000"
    },
    "done": true
  },
  "minecraft:recipes/tools/villager_smithing_gold": {
    "criteria": {
      "has_gold_tier_upgrade": "2024-07-10 01:24:56 +0000"
    },
    "done": true
  },
  "travelersbackpack:recipes/tools/enderman_smithing_legacy_iron": {
    "criteria": {
      "has_iron_tier_upgrade": "2024-07-10 01:24:50 +0000"
    },
    "done": true
  },
  "minecraft:recipes/tools/ghast_smithing_iron": {
    "criteria": {
      "has_iron_tier_upgrade": "2024-07-10 01:24:50 +0000"
    },
    "done": true
  },
  "minecraft:story/deflect_arrow": {
    "criteria": {
      "deflected_projectile": "2024-07-10 01:34:39 +0000"
    },
    "done": true
  },
  "minecraft:recipes/tools/golden_axe": {
    "criteria": {
      "has_gold_ingot": "2024-07-10 01:24:12 +0000"
    },
    "done": true
  },
  "blue_skies:recipes/combat/bluebright_spear": {
    "criteria": {
      "has_item": "2024-07-10 01:26:15 +0000"
    },
    "done": true
  },
  "minecraft:recipes/decorations/oak_sign": {
    "criteria": {
      "has_planks": "2024-07-10 01:19:38 +0000"
    },
    "done": true
  },
  "minecraft:recipes/tools/golden_pickaxe": {
    "criteria": {
      "has_gold_ingot": "2024-07-10 01:24:12 +0000"
    },
    "done": true
  },
  "vampirism:recipes/decorations/hunter/item_med_chair": {
    "criteria": {
      "has_iron_ingot": "2024-07-10 01:18:35 +0000"
    },
    "done": true
  },
  "travelersbackpack:recipes/tools/wither_smithing_legacy_gold": {
    "criteria": {
      "has_gold_tier_upgrade": "2024-07-10 01:24:56 +0000"
    },
    "done": true
  },
  "travelersbackpack:recipes/tools/melon_smithing_legacy_gold": {
    "criteria": {
      "has_gold_tier_upgrade": "2024-07-10 01:24:56 +0000"
    },
    "done": true
  },
  "travelersbackpack:recipes/tools/standard_smithing_legacy_gold": {
    "criteria": {
      "has_gold_tier_upgrade": "2024-07-10 01:24:56 +0000"
    },
    "done": true
  },
  "ironchest:recipes/decorations/upgrades/wood_to_iron_chest_upgrade": {
    "criteria": {
      "has_iron_ingot": "2024-07-10 01:18:35 +0000"
    },
    "done": true
  },
  "minecraft:recipes/tools/standard_smithing_gold": {
    "criteria": {
      "has_gold_tier_upgrade": "2024-07-10 01:24:56 +0000"
    },
    "done": true
  },
  "minecraft:recipes/misc/gold_nugget": {
    "criteria": {
      "has_gold_ingot": "2024-07-10 01:24:12 +0000"
    },
    "done": true
  },
  "tombstone:adventure/find_grave_dust": {
    "criteria": {
      "from_undead": "2024-07-10 01:32:37 +0000"
    },
    "done": true
  },
  "tombstone:recipes/from_grave_key": {
    "criteria": {
      "has_ingredient": "2024-07-10 01:17:17 +0000"
    },
    "done": true
  },
  "minecraft:recipes/tools/iron_smithing_iron": {
    "criteria": {
      "has_iron_tier_upgrade": "2024-07-10 01:24:50 +0000"
    },
    "done": true
  },
  "ironchest:recipes/decorations/chests/diamond_obsidian_chest": {
    "criteria": {
      "has_obsidian": "2024-07-10 01:26:21 +0000"
    },
    "done": true
  },
  "travelersbackpack:recipes/tools/pig_smithing_legacy_gold": {
    "criteria": {
      "has_gold_tier_upgrade": "2024-07-10 01:24:56 +0000"
    },
    "done": true
  },
  "minecraft:recipes/tools/bee_smithing_gold": {
    "criteria": {
      "has_gold_tier_upgrade": "2024-07-10 01:24:56 +0000"
    },
    "done": true
  },
  "minecraft:recipes/combat/iron_helmet": {
    "criteria": {
      "has_iron_ingot": "2024-07-10 01:18:35 +0000"
    },
    "done": true
  },
  "minecraft:recipes/tools/golden_shovel": {
    "criteria": {
      "has_gold_ingot": "2024-07-10 01:24:12 +0000"
    },
    "done": true
  },
  "minecraft:recipes/tools/diamond_smithing_iron": {
    "criteria": {
      "has_iron_tier_upgrade": "2024-07-10 01:24:50 +0000"
    },
    "done": true
  },
  "vampirism:recipes/combat/vampire/vampire_clothing_crown": {
    "criteria": {
      "has_gold": "2024-07-10 01:24:12 +0000"
    },
    "done": true
  },
  "minecraft:recipes/food/golden_apple": {
    "criteria": {
      "has_gold_ingot": "2024-07-10 01:24:12 +0000"
    },
    "done": true
  },
  "minecraft:recipes/tools/fox_smithing_iron": {
    "criteria": {
      "has_iron_tier_upgrade": "2024-07-10 01:24:50 +0000"
    },
    "done": true
  },
  "minecraft:recipes/combat/golden_boots": {
    "criteria": {
      "has_gold_ingot": "2024-07-10 01:24:12 +0000"
    },
    "done": true
  },
  "travelersbackpack:recipes/tools/pumpkin_smithing_legacy_iron": {
    "criteria": {
      "has_iron_tier_upgrade": "2024-07-10 01:24:50 +0000"
    },
    "done": true
  },
  "travelersbackpack:recipes/tools/sheep_smithing_legacy_iron": {
    "criteria": {
      "has_iron_tier_upgrade": "2024-07-10 01:24:50 +0000"
    },
    "done": true
  },
  "minecraft:recipes/tools/wither_smithing_iron": {
    "criteria": {
      "has_iron_tier_upgrade": "2024-07-10 01:24:50 +0000"
    },
    "done": true
  },
  "minecraft:recipes/tools/lapis_smithing_gold": {
    "criteria": {
      "has_gold_tier_upgrade": "2024-07-10 01:24:56 +0000"
    },
    "done": true
  },
  "minecraft:recipes/tools/netherite_smithing_iron": {
    "criteria": {
      "has_iron_tier_upgrade": "2024-07-10 01:24:50 +0000"
    },
    "done": true
  },
  "minecraft:recipes/tools/emerald_smithing_gold": {
    "criteria": {
      "has_gold_tier_upgrade": "2024-07-10 01:24:56 +0000"
    },
    "done": true
  },
  "travelersbackpack:recipes/tools/snow_smithing_legacy_gold": {
    "criteria": {
      "has_gold_tier_upgrade": "2024-07-10 01:24:56 +0000"
    },
    "done": true
  },
  "minecraft:recipes/tools/dragon_smithing_gold": {
    "criteria": {
      "has_gold_tier_upgrade": "2024-07-10 01:24:56 +0000"
    },
    "done": true
  },
  "upgradednetherite:recipes/essences/feather_essence": {
    "criteria": {
      "has_feather": "2024-07-10 01:38:23 +0000"
    },
    "done": true
  },
  "travelersbackpack:recipes/tools/villager_smithing_legacy_gold": {
    "criteria": {
      "has_gold_tier_upgrade": "2024-07-10 01:24:56 +0000"
    },
    "done": true
  },
  "ironchest:recipes/decorations/chests/copper_iron_chest": {
    "criteria": {
      "has_iron_ingot": "2024-07-10 01:18:35 +0000"
    },
    "done": true
  },
  "blue_skies:recipes/combat/maple_spear": {
    "criteria": {
      "has_item": "2024-07-10 01:26:15 +0000"
    },
    "done": true
  },
  "minecraft:recipes/tools/shears": {
    "criteria": {
      "has_iron_ingot": "2024-07-10 01:18:35 +0000"
    },
    "done": true
  },
  "minecraft:recipes/tools/redstone_smithing_iron": {
    "criteria": {
      "has_iron_tier_upgrade": "2024-07-10 01:24:50 +0000"
    },
    "done": true
  },
  "travelersbackpack:recipes/tools/spider_smithing_legacy_iron": {
    "criteria": {
      "has_iron_tier_upgrade": "2024-07-10 01:24:50 +0000"
    },
    "done": true
  },
  "minecraft:recipes/building_blocks/mossy_cobblestone_stairs_from_mossy_cobblestone_stonecutting": {
    "criteria": {
      "has_mossy_cobblestone": "2024-07-10 01:45:32 +0000"
    },
    "done": true
  },
  "travelersbackpack:recipes/tools/creeper_smithing_legacy_gold": {
    "criteria": {
      "has_gold_tier_upgrade": "2024-07-10 01:24:56 +0000"
    },
    "done": true
  },
  "minecraft:recipes/redstone/lectern": {
    "criteria": {
      "has_book": "2024-07-10 01:29:20 +0000"
    },
    "done": true
  },
  "vampirism:recipes/combat/weapontable/crucifix_enhanced": {
    "criteria": {
      "iron": "2024-07-10 01:18:35 +0000"
    },
    "done": true
  },
  "travelersbackpack:recipes/tools/emerald_smithing_legacy_gold": {
    "criteria": {
      "has_gold_tier_upgrade": "2024-07-10 01:24:56 +0000"
    },
    "done": true
  },
  "minecraft:recipes/redstone/lightning_rod": {
    "criteria": {
      "has_copper_ingot": "2024-07-10 01:16:29 +0000"
    },
    "done": true
  },
  "minecraft:adventure/kill_all_mobs": {
    "criteria": {
      "minecraft:pillager": "2024-07-10 01:34:50 +0000",
      "minecraft:skeleton": "2024-07-10 01:46:16 +0000",
      "minecraft:zombie": "2024-07-10 01:32:37 +0000"
    },
    "done": false
  },
  "minecraft:recipes/tools/coal_smithing_iron": {
    "criteria": {
      "has_iron_tier_upgrade": "2024-07-10 01:24:50 +0000"
    },
    "done": true
  },
  "vampirism:recipes/misc/vampire/blood_infused_iron_ingot": {
    "criteria": {
      "has_iron": "2024-07-10 01:18:35 +0000"
    },
    "done": true
  },
  "minecraft:recipes/combat/golden_chestplate": {
    "criteria": {
      "has_gold_ingot": "2024-07-10 01:24:12 +0000"
    },
    "done": true
  },
  "blue_skies:recipes/building_blocks/maple_bookshelf": {
    "criteria": {
      "has_item": "2024-07-10 01:29:20 +0000"
    },
    "done": true
  },
  "minecraft:recipes/building_blocks/iron_block": {
    "criteria": {
      "has_iron_ingot": "2024-07-10 01:18:35 +0000"
    },
    "done": true
  },
  "minecraft:recipes/tools/iron_golem_smithing_gold": {
    "criteria": {
      "has_gold_tier_upgrade": "2024-07-10 01:24:56 +0000"
    },
    "done": true
  },
  "minecraft:recipes/tools/blaze_smithing_iron": {
    "criteria": {
      "has_iron_tier_upgrade": "2024-07-10 01:24:50 +0000"
    },
    "done": true
  },
  "ironchest:recipes/decorations/upgrades/wood_to_copper_chest_upgrade": {
    "criteria": {
      "has_copper_ingot": "2024-07-10 01:16:29 +0000"
    },
    "done": true
  },
  "minecraft:recipes/tools/pumpkin_smithing_iron": {
    "criteria": {
      "has_iron_tier_upgrade": "2024-07-10 01:24:50 +0000"
    },
    "done": true
  },
  "minecraft:recipes/tools/hay_smithing_iron": {
    "criteria": {
      "has_iron_tier_upgrade": "2024-07-10 01:24:50 +0000"
    },
    "done": true
  },
  "minecraft:recipes/tools/bat_smithing_iron": {
    "criteria": {
      "has_iron_tier_upgrade": "2024-07-10 01:24:50 +0000"
    },
    "done": true
  },
  "minecraft:recipes/tools/creeper_smithing_gold": {
    "criteria": {
      "has_gold_tier_upgrade": "2024-07-10 01:24:56 +0000"
    },
    "done": true
  },
  "minecraft:recipes/misc/writable_book": {
    "criteria": {
      "has_book": "2024-07-10 01:29:20 +0000"
    },
    "done": true
  },
  "minecraft:recipes/food/bread": {
    "criteria": {
      "has_wheat": "2024-07-10 01:45:05 +0000"
    },
    "done": true
  },
  "travelersbackpack:recipes/tools/skeleton_smithing_legacy_gold": {
    "criteria": {
      "has_gold_tier_upgrade": "2024-07-10 01:24:56 +0000"
    },
    "done": true
  },
  "tombstone:adventure/fortuitous_militia": {
    "criteria": {
      "coded_trigger": "2024-07-10 01:34:50 +0000"
    },
    "done": true
  },
  "minecraft:recipes/building_blocks/hay_block": {
    "criteria": {
      "has_wheat": "2024-07-10 01:45:05 +0000"
    },
    "done": true
  },
  "travelersbackpack:recipes/tools/end_smithing_legacy_gold": {
    "criteria": {
      "has_gold_tier_upgrade": "2024-07-10 01:24:56 +0000"
    },
    "done": true
  },
  "minecraft:recipes/decorations/spruce_fence": {
    "criteria": {
      "has_planks": "2024-07-10 01:32:17 +0000"
    },
    "done": true
  },
  "vampirism:recipes/decorations/vampire/altar_tip": {
    "criteria": {
      "has_iron": "2024-07-10 01:18:35 +0000"
    },
    "done": true
  },
  "travelersbackpack:recipes/tools/cake_smithing_legacy_gold": {
    "criteria": {
      "has_gold_tier_upgrade": "2024-07-10 01:24:56 +0000"
    },
    "done": true
  },
  "blue_skies:recipes/combat/frostbright_spear": {
    "criteria": {
      "has_item": "2024-07-10 01:26:15 +0000"
    },
    "done": true
  },
  "minecraft:recipes/redstone/light_weighted_pressure_plate": {
    "criteria": {
      "has_gold_ingot": "2024-07-10 01:24:12 +0000"
    },
    "done": true
  },
  "minecraft:recipes/building_blocks/mossy_cobblestone_slab": {
    "criteria": {
      "has_mossy_cobblestone": "2024-07-10 01:45:32 +0000"
    },
    "done": true
  },
  "travelersbackpack:recipes/tools/magma_cube_smithing_legacy_iron": {
    "criteria": {
      "has_iron_tier_upgrade": "2024-07-10 01:24:50 +0000"
    },
    "done": true
  },
  "minecraft:recipes/tools/end_smithing_gold": {
    "criteria": {
      "has_gold_tier_upgrade": "2024-07-10 01:24:56 +0000"
    },
    "done": true
  },
  "blue_skies:recipes/combat/lunar_spear": {
    "criteria": {
      "has_item": "2024-07-10 01:26:15 +0000"
    },
    "done": true
  },
  "minecraft:recipes/tools/sheep_smithing_iron": {
    "criteria": {
      "has_iron_tier_upgrade": "2024-07-10 01:24:50 +0000"
    },
    "done": true
  },
  "travelersbackpack:recipes/tools/chicken_smithing_legacy_gold": {
    "criteria": {
      "has_gold_tier_upgrade": "2024-07-10 01:24:56 +0000"
    },
    "done": true
  },
  "minecraft:recipes/tools/nether_smithing_iron": {
    "criteria": {
      "has_iron_tier_upgrade": "2024-07-10 01:24:50 +0000"
    },
    "done": true
  },
  "twilightforest:recipes/transportation/darkwood_boat": {
    "criteria": {
      "in_water": "2024-07-10 01:28:50 +0000"
    },
    "done": true
  },
  "travelersbackpack:recipes/tools/nether_smithing_legacy_iron": {
    "criteria": {
      "has_iron_tier_upgrade": "2024-07-10 01:24:50 +0000"
    },
    "done": true
  },
  "minecraft:recipes/building_blocks/mossy_cobblestone_stairs": {
    "criteria": {
      "has_mossy_cobblestone": "2024-07-10 01:45:32 +0000"
    },
    "done": true
  },
  "travelersbackpack:recipes/tools/gold_smithing_legacy_gold": {
    "criteria": {
      "has_gold_tier_upgrade": "2024-07-10 01:24:56 +0000"
    },
    "done": true
  },
  "minecraft:recipes/building_blocks/copper_block": {
    "criteria": {
      "has_copper_ingot": "2024-07-10 01:16:29 +0000"
    },
    "done": true
  },
  "blue_skies:recipes/redstone/moonstone_pressure_plate": {
    "criteria": {
      "has_item": "2024-07-10 01:26:15 +0000"
    },
    "done": true
  },
  "minecraft:recipes/redstone/spruce_button": {
    "criteria": {
      "has_planks": "2024-07-10 01:32:17 +0000"
    },
    "done": true
  },
  "vampirism:recipes/decorations/vampire/blood_container": {
    "criteria": {
      "has_iron": "2024-07-10 01:18:35 +0000"
    },
    "done": true
  },
  "minecraft:recipes/redstone/hopper": {
    "criteria": {
      "has_iron_ingot": "2024-07-10 01:18:35 +0000"
    },
    "done": true
  },
  "travelersbackpack:recipes/tools/emerald_smithing_legacy_iron": {
    "criteria": {
      "has_iron_tier_upgrade": "2024-07-10 01:24:50 +0000"
    },
    "done": true
  },
  "travelersbackpack:recipes/tools/villager_smithing_legacy_iron": {
    "criteria": {
      "has_iron_tier_upgrade": "2024-07-10 01:24:50 +0000"
    },
    "done": true
  },
  "ironchest:recipes/decorations/chests/vanilla_dirt_chest": {
    "criteria": {
      "has_iron_ingot": "2024-07-10 01:40:50 +0000"
    },
    "done": true
  },
  "minecraft:recipes/tools/snow_smithing_iron": {
    "criteria": {
      "has_iron_tier_upgrade": "2024-07-10 01:24:50 +0000"
    },
    "done": true
  },
  "simplefarming:root": {
    "criteria": {
      "pickup_seed": "2024-07-10 01:40:05 +0000"
    },
    "done": true
  },
  "majruszsdifficulty:bleeding": {
    "criteria": {
      "bleeding_applied": "2024-07-10 01:28:44 +0000"
    },
    "done": true
  },
  "travelersbackpack:recipes/tools/creeper_smithing_legacy_iron": {
    "criteria": {
      "has_iron_tier_upgrade": "2024-07-10 01:24:50 +0000"
    },
    "done": true
  },
  "travelersbackpack:recipes/tools/ghast_smithing_legacy_gold": {
    "criteria": {
      "has_gold_tier_upgrade": "2024-07-10 01:24:56 +0000"
    },
    "done": true
  },
  "minecraft:recipes/building_blocks/oak_slab": {
    "criteria": {
      "has_planks": "2024-07-10 01:19:38 +0000"
    },
    "done": true
  },
  "travelersbackpack:recipes/tools/wolf_smithing_legacy_iron": {
    "criteria": {
      "has_iron_tier_upgrade": "2024-07-10 01:24:50 +0000"
    },
    "done": true
  },
  "mca:recipes/misc/comb": {
    "criteria": {
      "has_item": "2024-07-10 01:18:35 +0000"
    },
    "done": true
  },
  "minecraft:recipes/combat/iron_boots": {
    "criteria": {
      "has_iron_ingot": "2024-07-10 01:18:35 +0000"
    },
    "done": true
  },
  "minecraft:recipes/redstone/spruce_pressure_plate": {
    "criteria": {
      "has_planks": "2024-07-10 01:32:17 +0000"
    },
    "done": true
  },
  "travelersbackpack:recipes/tools/bookshelf_smithing_legacy_iron": {
    "criteria": {
      "has_iron_tier_upgrade": "2024-07-10 01:24:50 +0000"
    },
    "done": true
  },
  "travelersbackpack:recipes/tools/netherite_smithing_legacy_gold": {
    "criteria": {
      "has_gold_tier_upgrade": "2024-07-10 01:24:56 +0000"
    },
    "done": true
  },
  "minecraft:recipes/decorations/lantern": {
    "criteria": {
      "has_iron_ingot": "2024-07-10 01:18:35 +0000"
    },
    "done": true
  },
  "minecraft:recipes/tools/redstone_smithing_gold": {
    "criteria": {
      "has_gold_tier_upgrade": "2024-07-10 01:24:56 +0000"
    },
    "done": true
  },
  "travelersbackpack:recipes/tools/bat_smithing_legacy_iron": {
    "criteria": {
      "has_iron_tier_upgrade": "2024-07-10 01:24:50 +0000"
    },
    "done": true
  },
  "minecraft:recipes/tools/hay_smithing_gold": {
    "criteria": {
      "has_gold_tier_upgrade": "2024-07-10 01:24:56 +0000"
    },
    "done": true
  },
  "travelersbackpack:recipes/tools/fox_smithing_legacy_iron": {
    "criteria": {
      "has_iron_tier_upgrade": "2024-07-10 01:24:50 +0000"
    },
    "done": true
  },
  "tombstone:adventure/first_grave": {
    "criteria": {
      "coded_trigger": "2024-07-10 01:17:15 +0000"
    },
    "done": true
  },
  "blue_skies:recipes/tools/ventium_bucket": {
    "criteria": {
      "has_item": "2024-07-10 01:26:19 +0000"
    },
    "done": true
  },
  "minecraft:recipes/food/cooked_chicken_from_smoking": {
    "criteria": {
      "has_chicken": "2024-07-10 01:38:17 +0000"
    },
    "done": true
  },
  "minecraft:recipes/redstone/oak_fence_gate": {
    "criteria": {
      "has_planks": "2024-07-10 01:19:38 +0000"
    },
    "done": true
  },
  "minecraft:recipes/tools/iron_shovel": {
    "criteria": {
      "has_iron_ingot": "2024-07-10 01:18:35 +0000"
    },
    "done": true
  },
  "minecraft:recipes/tools/cow_smithing_iron": {
    "criteria": {
      "has_iron_tier_upgrade": "2024-07-10 01:24:50 +0000"
    },
    "done": true
  },
  "minecraft:recipes/tools/sponge_smithing_gold": {
    "criteria": {
      "has_gold_tier_upgrade": "2024-07-10 01:24:56 +0000"
    },
    "done": true
  },
  "ironchest:recipes/decorations/chests/iron_gold_chest": {
    "criteria": {
      "has_gold_ingot": "2024-07-10 01:24:12 +0000"
    },
    "done": true
  },
  "minecraft:recipes/tools/coal_smithing_gold": {
    "criteria": {
      "has_gold_tier_upgrade": "2024-07-10 01:24:56 +0000"
    },
    "done": true
  },
  "travelersbackpack:recipes/tools/quartz_smithing_legacy_gold": {
    "criteria": {
      "has_gold_tier_upgrade": "2024-07-10 01:24:56 +0000"
    },
    "done": true
  },
  "minecraft:story/form_obsidian": {
    "criteria": {
      "obsidian": "2024-07-10 01:26:21 +0000"
    },
    "done": true
  },
  "dungeons_plus:adventure/find_tower": {
    "criteria": {
      "in_structure": "2024-07-10 01:44:41 +0000"
    },
    "done": true
  },
  "blue_skies:recipes/misc/moonstone_from_shard": {
    "criteria": {
      "has_item": "2024-07-10 01:26:15 +0000"
    },
    "done": true
  },
  "minecraft:recipes/tools/melon_smithing_gold": {
    "criteria": {
      "has_gold_tier_upgrade": "2024-07-10 01:24:56 +0000"
    },
    "done": true
  },
  "blue_skies:recipes/combat/dusk_spear": {
    "criteria": {
      "has_item": "2024-07-10 01:26:15 +0000"
    },
    "done": true
  },
  "minecraft:recipes/redstone/oak_door": {
    "criteria": {
      "has_planks": "2024-07-10 01:19:38 +0000"
    },
    "done": true
  },
  "minecraft:recipes/tools/squid_smithing_iron": {
    "criteria": {
      "has_iron_tier_upgrade": "2024-07-10 01:24:50 +0000"
    },
    "done": true
  },
  "minecraft:recipes/tools/enderman_smithing_iron": {
    "criteria": {
      "has_iron_tier_upgrade": "2024-07-10 01:24:50 +0000"
    },
    "done": true
  },
  "ironchest:recipes/decorations/upgrades/copper_to_iron_chest_upgrade": {
    "criteria": {
      "has_iron_ingot": "2024-07-10 01:18:35 +0000"
    },
    "done": true
  },
  "travelersbackpack:recipes/tools/cactus_smithing_legacy_iron": {
    "criteria": {
      "has_iron_tier_upgrade": "2024-07-10 01:24:50 +0000"
    },
    "done": true
  },
  "minecraft:recipes/combat/golden_sword": {
    "criteria": {
      "has_gold_ingot": "2024-07-10 01:24:12 +0000"
    },
    "done": true
  },
  "minecraft:recipes/building_blocks/mossy_cobblestone_slab_from_mossy_cobblestone_stonecutting": {
    "criteria": {
      "has_mossy_cobblestone": "2024-07-10 01:45:32 +0000"
    },
    "done": true
  },
  "ironchest:recipes/decorations/chests/vanilla_iron_chest": {
    "criteria": {
      "has_iron_ingot": "2024-07-10 01:18:35 +0000"
    },
    "done": true
  },
  "minecraft:recipes/tools/pig_smithing_iron": {
    "criteria": {
      "has_iron_tier_upgrade": "2024-07-10 01:24:50 +0000"
    },
    "done": true
  },
  "minecraft:recipes/building_blocks/gold_block": {
    "criteria": {
      "has_gold_ingot": "2024-07-10 01:24:12 +0000"
    },
    "done": true
  },
  "travelersbackpack:recipes/tools/melon_smithing_legacy_iron": {
    "criteria": {
      "has_iron_tier_upgrade": "2024-07-10 01:24:50 +0000"
    },
    "done": true
  },
  "minecraft:recipes/brewing/cauldron": {
    "criteria": {
      "has_water_bucket": "2024-07-10 01:26:16 +0000"
    },
    "done": true
  },
  "minecraft:recipes/transportation/acacia_boat": {
    "criteria": {
      "in_water": "2024-07-10 01:28:50 +0000"
    },
    "done": true
  },
  "minecraft:recipes/redstone/iron_trapdoor": {
    "criteria": {
      "has_iron_ingot": "2024-07-10 01:18:35 +0000"
    },
    "done": true
  },
  "minecraft:adventure/root": {
    "criteria": {
      "killed_by_something": "2024-07-10 01:17:15 +0000"
    },
    "done": true
  },
  "minecraft:recipes/tools/horse_smithing_gold": {
    "criteria": {
      "has_gold_tier_upgrade": "2024-07-10 01:24:56 +0000"
    },
    "done": true
  },
  "vampirism:recipes/decorations/hunter/weapon_table": {
    "criteria": {
      "has_iron_ingot": "2024-07-10 01:18:35 +0000"
    },
    "done": true
  },
  "minecraft:recipes/redstone/slime_block": {
    "criteria": {
      "has_slime_ball": "2024-07-10 01:25:57 +0000"
    },
    "done": true
  },
  "blue_skies:recipes/building_blocks/tool_box": {
    "criteria": {
      "has_item": "2024-07-10 01:26:19 +0000"
    },
    "done": true
  },
  "travelersbackpack:recipes/tools/lapis_smithing_legacy_iron": {
    "criteria": {
      "has_iron_tier_upgrade": "2024-07-10 01:24:50 +0000"
    },
    "done": true
  },
  "minecraft:recipes/combat/crossbow": {
    "criteria": {
      "has_iron_ingot": "2024-07-10 01:18:35 +0000"
    },
    "done": true
  },
  "travelersbackpack:recipes/tools/diamond_smithing_legacy_gold": {
    "criteria": {
      "has_gold_tier_upgrade": "2024-07-10 01:24:56 +0000"
    },
    "done": true
  },
  "tombstone:recipes/from_grave_dust": {
    "criteria": {
      "has_ingredient": "2024-07-10 01:32:41 +0000"
    },
    "done": true
  },
  "travelersbackpack:recipes/tools/ocelot_smithing_legacy_gold": {
    "criteria": {
      "has_gold_tier_upgrade": "2024-07-10 01:24:56 +0000"
    },
    "done": true
  },
  "minecraft:recipes/decorations/grindstone": {
    "criteria": {
      "has_stone_slab": "2024-07-10 01:43:12 +0000"
    },
    "done": true
  },
  "travelersbackpack:recipes/tools/bee_smithing_legacy_iron": {
    "criteria": {
      "has_iron_tier_upgrade": "2024-07-10 01:24:50 +0000"
    },
    "done": true
  },
  "aquaculture:recipes/tools/gold_fillet_knife": {
    "criteria": {
      "has_items": "2024-07-10 01:24:12 +0000"
    },
    "done": true
  },
  "travelersbackpack:recipes/tools/sandstone_smithing_legacy_gold": {
    "criteria": {
      "has_gold_tier_upgrade": "2024-07-10 01:24:56 +0000"
    },
    "done": true
  },
  "travelersbackpack:recipes/tools/iron_golem_smithing_legacy_iron": {
    "criteria": {
      "has_iron_tier_upgrade": "2024-07-10 01:24:50 +0000"
    },
    "done": true
  },
  "travelersbackpack:recipes/tools/redstone_smithing_legacy_gold": {
    "criteria": {
      "has_gold_tier_upgrade": "2024-07-10 01:24:56 +0000"
    },
    "done": true
  },
  "travelersbackpack:recipes/tools/cow_smithing_legacy_iron": {
    "criteria": {
      "has_iron_tier_upgrade": "2024-07-10 01:24:50 +0000"
    },
    "done": true
  },
  "minecraft:recipes/tools/skeleton_smithing_iron": {
    "criteria": {
      "has_iron_tier_upgrade": "2024-07-10 01:24:50 +0000"
    },
    "done": true
  },
  "travelersbackpack:recipes/tools/dragon_smithing_legacy_iron": {
    "criteria": {
      "has_iron_tier_upgrade": "2024-07-10 01:24:50 +0000"
    },
    "done": true
  },
  "vampirism:recipes/combat/weapontable/crossbow_arrow_spitfire": {
    "criteria": {
      "has_crossbow_arrow_normal": "2024-07-10 01:44:58 +0000"
    },
    "done": true
  },
  "minecraft:recipes/tools/quartz_smithing_gold": {
    "criteria": {
      "has_gold_tier_upgrade": "2024-07-10 01:24:56 +0000"
    },
    "done": true
  },
  "minecraft:recipes/food/cooked_beef": {
    "criteria": {
      "has_the_recipe": "2024-07-10 01:17:52 +0000"
    },
    "done": true
  },
  "minecraft:recipes/transportation/jungle_boat": {
    "criteria": {
      "in_water": "2024-07-10 01:28:50 +0000"
    },
    "done": true
  },
  "minecraft:recipes/redstone/heavy_weighted_pressure_plate": {
    "criteria": {
      "has_iron_ingot": "2024-07-10 01:18:35 +0000"
    },
    "done": true
  },
  "minecraft:recipes/tools/wolf_smithing_iron": {
    "criteria": {
      "has_iron_tier_upgrade": "2024-07-10 01:24:50 +0000"
    },
    "done": true
  },
  "travelersbackpack:recipes/tools/blaze_smithing_legacy_gold": {
    "criteria": {
      "has_gold_tier_upgrade": "2024-07-10 01:24:56 +0000"
    },
    "done": true
  },
  "twilightforest:recipes/transportation/twilight_oak_boat": {
    "criteria": {
      "in_water": "2024-07-10 01:28:50 +0000"
    },
    "done": true
  },
  "twilightforest:recipes/transportation/time_boat": {
    "criteria": {
      "in_water": "2024-07-10 01:28:50 +0000"
    },
    "done": true
  },
  "minecraft:recipes/tools/chicken_smithing_iron": {
    "criteria": {
      "has_iron_tier_upgrade": "2024-07-10 01:24:50 +0000"
    },
    "done": true
  },
  "blue_skies:recipes/tools/ventium_shears": {
    "criteria": {
      "has_item": "2024-07-10 01:26:19 +0000"
    },
    "done": true
  },
  "minecraft:recipes/tools/ocelot_smithing_gold": {
    "criteria": {
      "has_gold_tier_upgrade": "2024-07-10 01:24:56 +0000"
    },
    "done": true
  },
  "minecraft:recipes/combat/iron_leggings": {
    "criteria": {
      "has_iron_ingot": "2024-07-10 01:18:35 +0000"
    },
    "done": true
  },
  "twilightforest:recipes/transportation/mining_boat": {
    "criteria": {
      "in_water": "2024-07-10 01:28:50 +0000"
    },
    "done": true
  },
  "dnl:story/general/locate_dungeon": {
    "criteria": {
      "locate_gallery_of_illusion": "2024-07-10 01:28:43 +0000"
    },
    "done": true
  },
  "minecraft:story/obtain_armor": {
    "criteria": {
      "iron_chestplate": "2024-07-10 01:46:57 +0000"
    },
    "done": true
  },
  "travelersbackpack:recipes/tools/quartz_smithing_legacy_iron": {
    "criteria": {
      "has_iron_tier_upgrade": "2024-07-10 01:24:50 +0000"
    },
    "done": true
  },
  "minecraft:recipes/tools/horse_smithing_iron": {
    "criteria": {
      "has_iron_tier_upgrade": "2024-07-10 01:24:50 +0000"
    },
    "done": true
  },
  "mca:recipes/misc/family_tree": {
    "criteria": {
      "has_item": "2024-07-10 01:29:20 +0000"
    },
    "done": true
  },
  "minecraft:recipes/tools/pig_smithing_gold": {
    "criteria": {
      "has_gold_tier_upgrade": "2024-07-10 01:24:56 +0000"
    },
    "done": true
  },
  "minecraft:recipes/food/baked_potato_from_campfire_cooking": {
    "criteria": {
      "has_potato": "2024-07-10 01:16:15 +0000"
    },
    "done": true
  },
  "majruszsaccessories:dream_catcher": {
    "criteria": {
      "picked_up_accessory": "2024-07-10 01:22:19 +0000"
    },
    "done": true
  },
  "blue_skies:recipes/combat/starlit_spear": {
    "criteria": {
      "has_item": "2024-07-10 01:26:15 +0000"
    },
    "done": true
  },
  "minecraft:recipes/building_blocks/bookshelf": {
    "criteria": {
      "has_book": "2024-07-10 01:29:20 +0000"
    },
    "done": true
  },
  "vampirism:recipes/combat/weapontable/crossbow_arrow_vampire_killer": {
    "criteria": {
      "has_crossbow_arrow_normal": "2024-07-10 01:44:58 +0000"
    },
    "done": true
  },
  "minecraft:recipes/combat/iron_chestplate": {
    "criteria": {
      "has_iron_ingot": "2024-07-10 01:18:35 +0000"
    },
    "done": true
  },
  "minecraft:recipes/redstone/oak_trapdoor": {
    "criteria": {
      "has_planks": "2024-07-10 01:19:38 +0000"
    },
    "done": true
  },
  "majruszsaccessories:tool_scraps": {
    "criteria": {
      "picked_up_accessory": "2024-07-10 01:22:29 +0000"
    },
    "done": true
  },
  "travelersbackpack:recipes/tools/bee_smithing_legacy_gold": {
    "criteria": {
      "has_gold_tier_upgrade": "2024-07-10 01:24:56 +0000"
    },
    "done": true
  },
  "minecraft:recipes/tools/pumpkin_smithing_gold": {
    "criteria": {
      "has_gold_tier_upgrade": "2024-07-10 01:24:56 +0000"
    },
    "done": true
  },
  "minecraft:recipes/tools/iron_golem_smithing_iron": {
    "criteria": {
      "has_iron_tier_upgrade": "2024-07-10 01:24:50 +0000"
    },
    "done": true
  },
  "minecraft:recipes/food/cooked_chicken": {
    "criteria": {
      "has_chicken": "2024-07-10 01:38:17 +0000"
    },
    "done": true
  },
  "travelersbackpack:recipes/tools/fox_smithing_legacy_gold": {
    "criteria": {
      "has_gold_tier_upgrade": "2024-07-10 01:24:56 +0000"
    },
    "done": true
  },
  "minecraft:recipes/misc/iron_nugget": {
    "criteria": {
      "has_iron_ingot": "2024-07-10 01:18:35 +0000"
    },
    "done": true
  },
  "blue_skies:recipes/building_blocks/starlit_bookshelf": {
    "criteria": {
      "has_item": "2024-07-10 01:29:20 +0000"
    },
    "done": true
  },
  "travelersbackpack:recipes/tools/sponge_smithing_legacy_iron": {
    "criteria": {
      "has_iron_tier_upgrade": "2024-07-10 01:24:50 +0000"
    },
    "done": true
  },
  "blue_skies:recipes/combat/cherry_spear": {
    "criteria": {
      "has_item": "2024-07-10 01:26:15 +0000"
    },
    "done": true
  },
  "vampirism:recipes/decorations/vampire/altar_infusion": {
    "criteria": {
      "has_gold": "2024-07-10 01:24:12 +0000"
    },
    "done": true
  },
  "minecraft:recipes/misc/bucket": {
    "criteria": {
      "has_iron_ingot": "2024-07-10 01:18:35 +0000"
    },
    "done": true
  },
  "minecraft:recipes/transportation/minecart": {
    "criteria": {
      "has_iron_ingot": "2024-07-10 01:18:35 +0000"
    },
    "done": true
  },
  "minecraft:recipes/tools/iron_hoe": {
    "criteria": {
      "has_iron_ingot": "2024-07-10 01:18:35 +0000"
    },
    "done": true
  },
  "travelersbackpack:recipes/tools/end_smithing_legacy_iron": {
    "criteria": {
      "has_iron_tier_upgrade": "2024-07-10 01:24:50 +0000"
    },
    "done": true
  },
  "minecraft:recipes/food/baked_potato": {
    "criteria": {
      "has_potato": "2024-07-10 01:16:15 +0000"
    },
    "done": true
  },
  "travelersbackpack:recipes/tools/cake_smithing_legacy_iron": {
    "criteria": {
      "has_iron_tier_upgrade": "2024-07-10 01:24:50 +0000"
    },
    "done": true
  },
  "minecraft:recipes/tools/blaze_smithing_gold": {
    "criteria": {
      "has_gold_tier_upgrade": "2024-07-10 01:24:56 +0000"
    },
    "done": true
  },
  "minecraft:recipes/decorations/spruce_sign": {
    "criteria": {
      "has_planks": "2024-07-10 01:32:17 +0000"
    },
    "done": true
  },
  "minecraft:recipes/tools/end_smithing_iron": {
    "criteria": {
      "has_iron_tier_upgrade": "2024-07-10 01:24:50 +0000"
    },
    "done": true
  },
  "blue_skies:recipes/building_blocks/dusk_bookshelf": {
    "criteria": {
      "has_item": "2024-07-10 01:29:20 +0000"
    },
    "done": true
  },
  "travelersbackpack:recipes/tools/chicken_smithing_legacy_iron": {
    "criteria": {
      "has_iron_tier_upgrade": "2024-07-10 01:24:50 +0000"
    },
    "done": true
  },
  "minecraft:recipes/combat/arrow": {
    "criteria": {
      "has_feather": "2024-07-10 01:38:23 +0000"
    },
    "done": true
  },
  "minecraft:recipes/tools/nether_smithing_gold": {
    "criteria": {
      "has_gold_tier_upgrade": "2024-07-10 01:24:56 +0000"
    },
    "done": true
  },
  "minecraft:recipes/combat/golden_helmet": {
    "criteria": {
      "has_gold_ingot": "2024-07-10 01:24:12 +0000"
    },
    "done": true
  },
  "travelersbackpack:recipes/tools/redstone_smithing_legacy_iron": {
    "criteria": {
      "has_iron_tier_upgrade": "2024-07-10 01:24:50 +0000"
    },
    "done": true
  },
  "travelersbackpack:recipes/tools/spider_smithing_legacy_gold": {
    "criteria": {
      "has_gold_tier_upgrade": "2024-07-10 01:24:56 +0000"
    },
    "done": true
  },
  "blue_skies:get_moonstone_shard": {
    "criteria": {
      "obtain_moonstone_shard": "2024-07-10 01:26:15 +0000"
    },
    "done": true
  },
  "minecraft:recipes/tools/creeper_smithing_iron": {
    "criteria": {
      "has_iron_tier_upgrade": "2024-07-10 01:24:50 +0000"
    },
    "done": true
  },
  "tombstone:adventure/choose_knowledge": {
    "criteria": {
      "coded_trigger": "2024-07-10 01:35:05 +0000"
    },
    "done": true
  },
  "twilightforest:recipes/transportation/mangrove_boat": {
    "criteria": {
      "in_water": "2024-07-10 01:28:50 +0000"
    },
    "done": true
  },
  "minecraft:story/smelt_iron": {
    "criteria": {
      "iron": "2024-07-10 01:18:35 +0000"
    },
    "done": true
  },
  "travelersbackpack:recipes/tools/skeleton_smithing_legacy_iron": {
    "criteria": {
      "has_iron_tier_upgrade": "2024-07-10 01:24:50 +0000"
    },
    "done": true
  },
  "travelersbackpack:recipes/tools/iron_smithing_legacy_iron": {
    "criteria": {
      "has_iron_tier_upgrade": "2024-07-10 01:24:50 +0000"
    },
    "done": true
  },
  "minecraft:recipes/building_blocks/emerald_block": {
    "criteria": {
      "has_emerald": "2024-07-10 01:23:34 +0000"
    },
    "done": true
  },
  "minecraft:recipes/tools/cactus_smithing_iron": {
    "criteria": {
      "has_iron_tier_upgrade": "2024-07-10 01:24:50 +0000"
    },
    "done": true
  },
  "minecraft:recipes/tools/ghast_smithing_gold": {
    "criteria": {
      "has_gold_tier_upgrade": "2024-07-10 01:24:56 +0000"
    },
    "done": true
  },
  "travelersbackpack:recipes/tools/enderman_smithing_legacy_gold": {
    "criteria": {
      "has_gold_tier_upgrade": "2024-07-10 01:24:56 +0000"
    },
    "done": true
  },
  "twilightforest:recipes/transportation/transformation_boat": {
    "criteria": {
      "in_water": "2024-07-10 01:28:50 +0000"
    },
    "done": true
  },
  "blue_skies:everbright/get_ventium": {
    "criteria": {
      "obtain_material": "2024-07-10 01:26:19 +0000"
    },
    "done": true
  },
  "minecraft:recipes/tools/bookshelf_smithing_gold": {
    "criteria": {
      "has_gold_tier_upgrade": "2024-07-10 01:24:56 +0000"
    },
    "done": true
  },
  "travelersbackpack:recipes/tools/coal_smithing_legacy_iron": {
    "criteria": {
      "has_iron_tier_upgrade": "2024-07-10 01:24:50 +0000"
    },
    "done": true
  },
  "minecraft:recipes/building_blocks/oak_stairs": {
    "criteria": {
      "has_planks": "2024-07-10 01:19:38 +0000"
    },
    "done": true
  },
  "aquaculture:recipes/tools/iron_fillet_knife": {
    "criteria": {
      "has_items": "2024-07-10 01:18:35 +0000"
    },
    "done": true
  },
  "vampirism:recipes/misc/vampire/blood_infused_enhanced_iron_ingot": {
    "criteria": {
      "has_iron": "2024-07-10 01:18:35 +0000"
    },
    "done": true
  },
  "minecraft:recipes/tools/lapis_smithing_iron": {
    "criteria": {
      "has_iron_tier_upgrade": "2024-07-10 01:24:50 +0000"
    },
    "done": true
  },
  "minecraft:recipes/tools/sandstone_smithing_gold": {
    "criteria": {
      "has_gold_tier_upgrade": "2024-07-10 01:24:56 +0000"
    },
    "done": true
  },
  "minecraft:recipes/tools/cake_smithing_gold": {
    "criteria": {
      "has_gold_tier_upgrade": "2024-07-10 01:24:56 +0000"
    },
    "done": true
  },
  "minecraft:recipes/decorations/chain": {
    "criteria": {
      "has_iron_ingot": "2024-07-10 01:18:35 +0000"
    },
    "done": true
  },
  "minecraft:recipes/decorations/oak_fence": {
    "criteria": {
      "has_planks": "2024-07-10 01:19:38 +0000"
    },
    "done": true
  },
  "ironchest:recipes/decorations/chests/vanilla_copper_chest": {
    "criteria": {
      "has_copper_ingot": "2024-07-10 01:16:29 +0000"
    },
    "done": true
  },
  "travelersbackpack:recipes/tools/hay_smithing_legacy_iron": {
    "criteria": {
      "has_iron_tier_upgrade": "2024-07-10 01:24:50 +0000"
    },
    "done": true
  },
  "minecraft:recipes/tools/snow_smithing_gold": {
    "criteria": {
      "has_gold_tier_upgrade": "2024-07-10 01:24:56 +0000"
    },
    "done": true
  },
  "dnl:story/structures/gallery_of_illusion/locate": {
    "criteria": {
      "locate_gallery_of_illusion": "2024-07-10 01:28:43 +0000"
    },
    "done": true
  },
  "travelersbackpack:recipes/tools/wither_smithing_legacy_iron": {
    "criteria": {
      "has_iron_tier_upgrade": "2024-07-10 01:24:50 +0000"
    },
    "done": true
  },
  "travelersbackpack:recipes/tools/standard_smithing_legacy_iron": {
    "criteria": {
      "has_iron_tier_upgrade": "2024-07-10 01:24:50 +0000"
    },
    "done": true
  },
  "travelersbackpack:recipes/tools/iron_golem_smithing_legacy_gold": {
    "criteria": {
      "has_gold_tier_upgrade": "2024-07-10 01:24:56 +0000"
    },
    "done": true
  },
  "minecraft:recipes/decorations/smithing_table": {
    "criteria": {
      "has_iron_ingot": "2024-07-10 01:18:35 +0000"
    },
    "done": true
  },
  "minecraft:recipes/tools/sponge_smithing_iron": {
    "criteria": {
      "has_iron_tier_upgrade": "2024-07-10 01:24:50 +0000"
    },
    "done": true
  },
  "mca:recipes/misc/needle_and_thread": {
    "criteria": {
      "has_item": "2024-07-10 01:18:35 +0000"
    },
    "done": true
  },
  "minecraft:recipes/tools/cow_smithing_gold": {
    "criteria": {
      "has_gold_tier_upgrade": "2024-07-10 01:24:56 +0000"
    },
    "done": true
  },
  "blue_skies:recipes/building_blocks/cherry_bookshelf": {
    "criteria": {
      "has_item": "2024-07-10 01:29:20 +0000"
    },
    "done": true
  },
  "vampirism:recipes/decorations/general/totem_base": {
    "criteria": {
      "has_obsidian": "2024-07-10 01:26:21 +0000"
    },
    "done": true
  },
  "minecraft:recipes/transportation/spruce_boat": {
    "criteria": {
      "in_water": "2024-07-10 01:28:50 +0000"
    },
    "done": true
  },
  "vampirism:recipes/decorations/general/altar_cleansing_new": {
    "criteria": {
      "has_book": "2024-07-10 01:29:20 +0000"
    },
    "done": true
  },
  "vampirism:recipes/decorations/vampire/candelabra": {
    "criteria": {
      "has_iron": "2024-07-10 01:18:35 +0000"
    },
    "done": true
  },
  "travelersbackpack:recipes/tools/horse_smithing_legacy_iron": {
    "criteria": {
      "has_iron_tier_upgrade": "2024-07-10 01:24:50 +0000"
    },
    "done": true
  },
  "minecraft:recipes/tools/diamond_smithing_gold": {
    "criteria": {
      "has_gold_tier_upgrade": "2024-07-10 01:24:56 +0000"
    },
    "done": true
  },
  "minecraft:husbandry/root": {
    "criteria": {
      "consumed_item": "2024-07-10 01:17:58 +0000"
    },
    "done": true
  },
  "minecraft:recipes/transportation/birch_boat": {
    "criteria": {
      "in_water": "2024-07-10 01:28:50 +0000"
    },
    "done": true
  },
  "minecraft:recipes/tools/fox_smithing_gold": {
    "criteria": {
      "has_gold_tier_upgrade": "2024-07-10 01:24:56 +0000"
    },
    "done": true
  },
  "minecraft:recipes/tools/iron_smithing_gold": {
    "criteria": {
      "has_gold_tier_upgrade": "2024-07-10 01:24:56 +0000"
    },
    "done": true
  },
  "travelersbackpack:recipes/tools/pig_smithing_legacy_iron": {
    "criteria": {
      "has_iron_tier_upgrade": "2024-07-10 01:24:50 +0000"
    },
    "done": true
  },
  "minecraft:recipes/transportation/oak_boat": {
    "criteria": {
      "in_water": "2024-07-10 01:28:50 +0000"
    },
    "done": true
  },
  "minecraft:recipes/tools/squid_smithing_gold": {
    "criteria": {
      "has_gold_tier_upgrade": "2024-07-10 01:24:56 +0000"
    },
    "done": true
  },
  "vampirism:recipes/transportation/cursed_spruce_boat": {
    "criteria": {
      "in_water": "2024-07-10 01:28:50 +0000"
    },
    "done": true
  },
  "travelersbackpack:recipes/tools/squid_smithing_legacy_gold": {
    "criteria": {
      "has_gold_tier_upgrade": "2024-07-10 01:24:56 +0000"
    },
    "done": true
  },
  "minecraft:recipes/tools/magma_cube_smithing_iron": {
    "criteria": {
      "has_iron_tier_upgrade": "2024-07-10 01:24:50 +0000"
    },
    "done": true
  },
  "minecraft:recipes/tools/gold_smithing_gold": {
    "criteria": {
      "has_gold_tier_upgrade": "2024-07-10 01:24:56 +0000"
    },
    "done": true
  },
  "minecraft:recipes/building_blocks/spruce_slab": {
    "criteria": {
      "has_planks": "2024-07-10 01:32:17 +0000"
    },
    "done": true
  },
  "minecraft:recipes/tools/lead": {
    "criteria": {
      "has_slime_ball": "2024-07-10 01:25:57 +0000"
    },
    "done": true
  },
  "travelersbackpack:recipes/tools/cactus_smithing_legacy_gold": {
    "criteria": {
      "has_gold_tier_upgrade": "2024-07-10 01:24:56 +0000"
    },
    "done": true
  },
  "mca:recipes/misc/whistle": {
    "criteria": {
      "has_item": "2024-07-10 01:18:35 +0000"
    },
    "done": true
  },
  "minecraft:recipes/redstone/oak_button": {
    "criteria": {
      "has_planks": "2024-07-10 01:19:38 +0000"
    },
    "done": true
  },
  "blue_skies:recipes/building_blocks/bluebright_bookshelf": {
    "criteria": {
      "has_item": "2024-07-10 01:29:20 +0000"
    },
    "done": true
  },
  "minecraft:recipes/tools/emerald_smithing_iron": {
    "criteria": {
      "has_iron_tier_upgrade": "2024-07-10 01:24:50 +0000"
    },
    "done": true
  },
  "editenchanting:recipes/decorations/enchantment_edit_table": {
    "criteria": {
      "has_obsidian": "2024-07-10 01:26:21 +0000"
    },
    "done": true
  },
  "minecraft:recipes/combat/iron_sword": {
    "criteria": {
      "has_iron_ingot": "2024-07-10 01:18:35 +0000"
    },
    "done": true
  },
  "travelersbackpack:recipes/tools/ocelot_smithing_legacy_iron": {
    "criteria": {
      "has_iron_tier_upgrade": "2024-07-10 01:24:50 +0000"
    },
    "done": true
  },
  "minecraft:recipes/tools/iron_pickaxe": {
    "criteria": {
      "has_iron_ingot": "2024-07-10 01:18:35 +0000"
    },
    "done": true
  },
  "minecraft:recipes/transportation/mangrove_boat": {
    "criteria": {
      "in_water": "2024-07-10 01:28:50 +0000"
    },
    "done": true
  },
  "blue_skies:recipes/building_blocks/anvil_compat": {
    "criteria": {
      "has_item": "2024-07-10 01:26:19 +0000"
    },
    "done": true
  },
  "blue_skies:recipes/tools/zeal_lighter": {
    "criteria": {
      "has_item": "2024-07-10 01:26:15 +0000"
    },
    "done": true
  },
  "travelersbackpack:recipes/tools/hay_smithing_legacy_gold": {
    "criteria": {
      "has_gold_tier_upgrade": "2024-07-10 01:24:56 +0000"
    },
    "done": true
  },
  "minecraft:recipes/combat/shield": {
    "criteria": {
      "has_iron_ingot": "2024-07-10 01:18:35 +0000"
    },
    "done": true
  },
  "minecraft:recipes/decorations/iron_bars": {
    "criteria": {
      "has_iron_ingot": "2024-07-10 01:18:35 +0000"
    },
    "done": true
  },
  "minecraft:recipes/tools/sandstone_smithing_iron": {
    "criteria": {
      "has_iron_tier_upgrade": "2024-07-10 01:24:50 +0000"
    },
    "done": true
  },
  "travelersbackpack:recipes/tools/pumpkin_smithing_legacy_gold": {
    "criteria": {
      "has_gold_tier_upgrade": "2024-07-10 01:24:56 +0000"
    },
    "done": true
  },
  "minecraft:recipes/tools/wither_smithing_gold": {
    "criteria": {
      "has_gold_tier_upgrade": "2024-07-10 01:24:56 +0000"
    },
    "done": true
  },
  "travelersbackpack:recipes/tools/diamond_smithing_legacy_iron": {
    "criteria": {
      "has_iron_tier_upgrade": "2024-07-10 01:24:50 +0000"
    },
    "done": true
  },
  "travelersbackpack:recipes/tools/coal_smithing_legacy_gold": {
    "criteria": {
      "has_gold_tier_upgrade": "2024-07-10 01:24:56 +0000"
    },
    "done": true
  },
  "minecraft:recipes/tools/cake_smithing_iron": {
    "criteria": {
      "has_iron_tier_upgrade": "2024-07-10 01:24:50 +0000"
    },
    "done": true
  },
  "minecraft:recipes/tools/bat_smithing_gold": {
    "criteria": {
      "has_gold_tier_upgrade": "2024-07-10 01:24:56 +0000"
    },
    "done": true
  },
  "travelersbackpack:recipes/tools/horse_smithing_legacy_gold": {
    "criteria": {
      "has_gold_tier_upgrade": "2024-07-10 01:24:56 +0000"
    },
    "done": true
  },
  "minecraft:recipes/redstone/sticky_piston": {
    "criteria": {
      "has_slime_ball": "2024-07-10 01:25:57 +0000"
    },
    "done": true
  },
  "upgradednetherite:recipes/essences/gold_essence": {
    "criteria": {
      "has_gold_ingot": "2024-07-10 01:24:12 +0000"
    },
    "done": true
  },
  "minecraft:recipes/tools/bee_smithing_iron": {
    "criteria": {
      "has_iron_tier_upgrade": "2024-07-10 01:24:50 +0000"
    },
    "done": true
  },
  "tombstone:adventure/ambush": {
    "criteria": {
      "coded_trigger": "2024-07-10 01:34:50 +0000"
    },
    "done": true
  },
  "twilightforest:recipes/transportation/canopy_boat": {
    "criteria": {
      "in_water": "2024-07-10 01:28:50 +0000"
    },
    "done": true
  },
  "minecraft:recipes/tools/flint_and_steel": {
    "criteria": {
      "has_obsidian": "2024-07-10 01:26:21 +0000"
    },
    "done": true
  },
  "minecraft:recipes/decorations/mossy_cobblestone_wall": {
    "criteria": {
      "has_mossy_cobblestone": "2024-07-10 01:45:32 +0000"
    },
    "done": true
  },
  "minecraft:recipes/tools/gold_smithing_iron": {
    "criteria": {
      "has_iron_tier_upgrade": "2024-07-10 01:24:50 +0000"
    },
    "done": true
  },
  "minecraft:recipes/food/baked_potato_from_smoking": {
    "criteria": {
      "has_potato": "2024-07-10 01:16:15 +0000"
    },
    "done": true
  },
  "minecraft:recipes/tools/skeleton_smithing_gold": {
    "criteria": {
      "has_gold_tier_upgrade": "2024-07-10 01:24:56 +0000"
    },
    "done": true
  },
  "vampirism:recipes/transportation/dark_spruce_boat": {
    "criteria": {
      "in_water": "2024-07-10 01:28:50 +0000"
    },
    "done": true
  },
  "minecraft:recipes/tools/wolf_smithing_gold": {
    "criteria": {
      "has_gold_tier_upgrade": "2024-07-10 01:24:56 +0000"
    },
    "done": true
  },
  "travelersbackpack:recipes/tools/nether_smithing_legacy_gold": {
    "criteria": {
      "has_gold_tier_upgrade": "2024-07-10 01:24:56 +0000"
    },
    "done": true
  },
  "minecraft:recipes/redstone/oak_pressure_plate": {
    "criteria": {
      "has_planks": "2024-07-10 01:19:38 +0000"
    },
    "done": true
  },
  "minecraft:recipes/tools/quartz_smithing_iron": {
    "criteria": {
      "has_iron_tier_upgrade": "2024-07-10 01:24:50 +0000"
    },
    "done": true
  },
  "travelersbackpack:recipes/tools/squid_smithing_legacy_iron": {
    "criteria": {
      "has_iron_tier_upgrade": "2024-07-10 01:24:50 +0000"
    },
    "done": true
  },
  "vampirism:recipes/decorations/hunter/alchemical_cauldron": {
    "criteria": {
      "has_iron": "2024-07-10 01:18:35 +0000"
    },
    "done": true
  },
  "travelersbackpack:recipes/tools/sandstone_smithing_legacy_iron": {
    "criteria": {
      "has_iron_tier_upgrade": "2024-07-10 01:24:50 +0000"
    },
    "done": true
  },
  "travelersbackpack:recipes/tools/cow_smithing_legacy_gold": {
    "criteria": {
      "has_gold_tier_upgrade": "2024-07-10 01:24:56 +0000"
    },
    "done": true
  },
  "minecraft:recipes/tools/magma_cube_smithing_gold": {
    "criteria": {
      "has_gold_tier_upgrade": "2024-07-10 01:24:56 +0000"
    },
    "done": true
  },
  "vampirism:recipes/combat/hunter/crossbow_arrow_normal": {
    "criteria": {
      "has_iron_ingot": "2024-07-10 01:18:35 +0000"
    },
    "done": true
  },
  "travelersbackpack:recipes/tools/blaze_smithing_legacy_iron": {
    "criteria": {
      "has_iron_tier_upgrade": "2024-07-10 01:24:50 +0000"
    },
    "done": true
  },
  "travelersbackpack:recipes/tools/dragon_smithing_legacy_gold": {
    "criteria": {
      "has_gold_tier_upgrade": "2024-07-10 01:24:56 +0000"
    },
    "done": true
  },
  "ironchest:recipes/decorations/upgrades/iron_to_gold_chest_upgrade": {
    "criteria": {
      "has_iron_ingot": "2024-07-10 01:18:35 +0000"
    },
    "done": true
  },
  "travelersbackpack:recipes/tools/magma_cube_smithing_legacy_gold": {
    "criteria": {
      "has_gold_tier_upgrade": "2024-07-10 01:24:56 +0000"
    },
    "done": true
  },
  "vampirism:recipes/decorations/vampire/candelabra_candles": {
    "criteria": {
      "has_iron": "2024-07-10 01:18:35 +0000"
    },
    "done": true
  },
  "minecraft:recipes/redstone/spruce_trapdoor": {
    "criteria": {
      "has_planks": "2024-07-10 01:32:17 +0000"
    },
    "done": true
  },
  "minecraft:recipes/tools/sheep_smithing_gold": {
    "criteria": {
      "has_gold_tier_upgrade": "2024-07-10 01:24:56 +0000"
    },
    "done": true
  },
  "minecraft:recipes/redstone/spruce_door": {
    "criteria": {
      "has_planks": "2024-07-10 01:32:17 +0000"
    },
    "done": true
  },
  "minecraft:recipes/redstone/spruce_fence_gate": {
    "criteria": {
      "has_planks": "2024-07-10 01:32:17 +0000"
    },
    "done": true
  },
  "minecraft:recipes/tools/ocelot_smithing_iron": {
    "criteria": {
      "has_iron_tier_upgrade": "2024-07-10 01:24:50 +0000"
    },
    "done": true
  },
  "minecraft:recipes/tools/dragon_smithing_iron": {
    "criteria": {
      "has_iron_tier_upgrade": "2024-07-10 01:24:50 +0000"
    },
    "done": true
  },
  "travelersbackpack:recipes/tools/gold_smithing_legacy_iron": {
    "criteria": {
      "has_iron_tier_upgrade": "2024-07-10 01:24:50 +0000"
    },
    "done": true
  },
  "travelersbackpack:recipes/tools/ghast_smithing_legacy_iron": {
    "criteria": {
      "has_iron_tier_upgrade": "2024-07-10 01:24:50 +0000"
    },
    "done": true
  },
  "minecraft:recipes/tools/villager_smithing_iron": {
    "criteria": {
      "has_iron_tier_upgrade": "2024-07-10 01:24:50 +0000"
    },
    "done": true
  },
  "travelersbackpack:recipes/tools/wolf_smithing_legacy_gold": {
    "criteria": {
      "has_gold_tier_upgrade": "2024-07-10 01:24:56 +0000"
    },
    "done": true
  },
  "dnl:story/themes/illager/locate": {
    "criteria": {
      "locate_gallery_of_illusion": "2024-07-10 01:28:43 +0000"
    },
    "done": true
  },
  "minecraft:recipes/tools/spider_smithing_iron": {
    "criteria": {
      "has_iron_tier_upgrade": "2024-07-10 01:24:50 +0000"
    },
    "done": true
  },
  "minecraft:recipes/tools/iron_axe": {
    "criteria": {
      "has_iron_ingot": "2024-07-10 01:18:35 +0000"
    },
    "done": true
  },
  "travelersbackpack:recipes/tools/bookshelf_smithing_legacy_gold": {
    "criteria": {
      "has_gold_tier_upgrade": "2024-07-10 01:24:56 +0000"
    },
    "done": true
  },
  "vampirism:recipes/combat/weapontable/crossbow_arrow_teleport": {
    "criteria": {
      "has_crossbow_arrow_normal": "2024-07-10 01:44:58 +0000"
    },
    "done": true
  },
  "blue_skies:recipes/building_blocks/lunar_bookshelf": {
    "criteria": {
      "has_item": "2024-07-10 01:29:20 +0000"
    },
    "done": true
  },
  "minecraft:adventure/kill_a_mob": {
    "criteria": {
      "minecraft:zombie": "2024-07-10 01:32:37 +0000"
    },
    "done": true
  },
  "minecraft:recipes/tools/chicken_smithing_gold": {
    "criteria": {
      "has_gold_tier_upgrade": "2024-07-10 01:24:56 +0000"
    },
    "done": true
  },
  "vampirism:recipes/alchemy_table/alchemy_table/plant_oil": {
    "criteria": {
      "has_wheat_seeds": "2024-07-10 01:40:05 +0000"
    },
    "done": true
  },
  "travelersbackpack:recipes/tools/bat_smithing_legacy_gold": {
    "criteria": {
      "has_gold_tier_upgrade": "2024-07-10 01:24:56 +0000"
    },
    "done": true
  },
  "travelersbackpack:recipes/tools/netherite_smithing_legacy_iron": {
    "criteria": {
      "has_iron_tier_upgrade": "2024-07-10 01:24:50 +0000"
    },
    "done": true
  },
  "minecraft:recipes/tools/golden_hoe": {
    "criteria": {
      "has_gold_ingot": "2024-07-10 01:24:12 +0000"
    },
    "done": true
  },
  "minecraft:husbandry/balanced_diet": {
    "criteria": {
      "chicken": "2024-07-10 01:48:44 +0000",
      "cooked_beef": "2024-07-10 01:17:58 +0000"
    },
    "done": false
  },
  "twilightforest:recipes/transportation/sorting_boat": {
    "criteria": {
      "in_water": "2024-07-10 01:28:50 +0000"
    },
    "done": true
  },
  "minecraft:recipes/decorations/mossy_cobblestone_wall_from_mossy_cobblestone_stonecutting": {
    "criteria": {
      "has_mossy_cobblestone": "2024-07-10 01:45:32 +0000"
    },
    "done": true
  },
  "blue_skies:recipes/building_blocks/ventium_block": {
    "criteria": {
      "has_item": "2024-07-10 01:26:19 +0000"
    },
    "done": true
  },
  "minecraft:recipes/tools/standard_smithing_iron": {
    "criteria": {
      "has_iron_tier_upgrade": "2024-07-10 01:24:50 +0000"
    },
    "done": true
  },
  "minecraft:recipes/decorations/enchanting_table": {
    "criteria": {
      "has_obsidian": "2024-07-10 01:26:21 +0000"
    },
    "done": true
  },
  "aquaculture:recipes/tools/stone_fillet_knife": {
    "criteria": {
      "has_items": "2024-07-10 01:45:32 +0000"
    },
    "done": true
  },
  "minecraft:recipes/building_blocks/spruce_stairs": {
    "criteria": {
      "has_planks": "2024-07-10 01:32:17 +0000"
    },
    "done": true
  },
  "tombstone:adventure/ashes_and_bones": {
    "criteria": {
      "coded_trigger": "2024-07-10 01:32:37 +0000"
    },
    "done": true
  },
  "travelersbackpack:recipes/tools/sheep_smithing_legacy_gold": {
    "criteria": {
      "has_gold_tier_upgrade": "2024-07-10 01:24:56 +0000"
    },
    "done": true
  },
  "blue_skies:recipes/misc/ventium_nugget_from_ingot": {
    "criteria": {
      "has_item": "2024-07-10 01:26:19 +0000"
    },
    "done": true
  },
  "minecraft:recipes/redstone/iron_door": {
    "criteria": {
      "has_iron_ingot": "2024-07-10 01:18:35 +0000"
    },
    "done": true
  },
  "minecraft:recipes/tools/enderman_smithing_gold": {
    "criteria": {
      "has_gold_tier_upgrade": "2024-07-10 01:24:56 +0000"
    },
    "done": true
  },
  "minecraft:recipes/tools/netherite_smithing_gold": {
    "criteria": {
      "has_gold_tier_upgrade": "2024-07-10 01:24:56 +0000"
    },
    "done": true
  },
  "minecraft:recipes/transportation/dark_oak_boat": {
    "criteria": {
      "in_water": "2024-07-10 01:28:50 +0000"
    },
    "done": true
  },
  "travelersbackpack:recipes/tools/snow_smithing_legacy_iron": {
    "criteria": {
      "has_iron_tier_upgrade": "2024-07-10 01:24:50 +0000"
    },
    "done": true
  },
  "minecraft:recipes/combat/golden_leggings": {
    "criteria": {
      "has_gold_ingot": "2024-07-10 01:24:12 +0000"
    },
    "done": true
  },
  "travelersbackpack:recipes/tools/sponge_smithing_legacy_gold": {
    "criteria": {
      "has_gold_tier_upgrade": "2024-07-10 01:24:56 +0000"
    },
    "done": true
  },
  "DataVersion": 3337
}